r:all_by_itself,s:all_by_itself,r1:partially_by_itself,r2:partially_by_itself,r3:partially_by_itself,r4:partially_by_itself,r5:partially_by_itself,r6:partially_by_itself,s1:all_by_itself,s2:all_by_itself,s3:all_by_itself,s4:all_by_itself,s5:all_by_itself,s6:all_by_itself,rm_r_s:all_by_itself,rm_r1_s:all_by_itself,rm_r2_s:all_by_itself,rm_r3_s:all_by_itself,rm_r4_s:all_by_itself,rm_r5_s:all_by_itself,rm_r6_s:all_by_itself,rm_r_s1:all_by_itself,rm_r_s2:all_by_itself,rm_r_s3:all_by_itself,rm_r_s4:all_by_itself,rm_r_s5:all_by_itself,rm_r_s6:all_by_itself,rm_r1_s1:all_by_itself,rm_r1_s2:all_by_itself,rm_r1_s3:all_by_itself,rm_r1_s4:all_by_itself,rm_r1_s5:all_by_itself,rm_r1_s6:all_by_itself,rm_r2_s1:all_by_itself,rm_r2_s2:all_by_itself,rm_r2_s3:all_by_itself,rm_r2_s4:all_by_itself,rm_r2_s5:all_by_itself,rm_r2_s6:all_by_itself,rm_r3_s1:all_by_itself,rm_r3_s2:all_by_itself,rm_r3_s3:all_by_itself,rm_r3_s4:all_by_itself,rm_r3_s5:all_by_itself,rm_r3_s6:all_by_itself,rm_r4_s1:all_by_itself,rm_r4_s2:all_by_itself,rm_r4_s3:all_by_itself,rm_r4_s4:all_by_itself,rm_r4_s5:all_by_itself,rm_r4_s6:all_by_itself,rm_r5_s1:all_by_itself,rm_r5_s2:all_by_itself,rm_r5_s3:all_by_itself,rm_r5_s4:all_by_itself,rm_r5_s5:all_by_itself,rm_r5_s6:all_by_itself,rm_r6_s1:all_by_itself,rm_r6_s2:all_by_itself,rm_r6_s3:all_by_itself,rm_r6_s4:all_by_itself,rm_r6_s5:all_by_itself,rm_r6_s6:all_by_itself
total insert query workload cost: 0.0
select * query individual nodes cost: r:307344.60000000003,s:260016.13,r1:11874814.028660899,r2:45740876.34944276,r3:17023072.220675413,r4:4255768.055168853,r5:7911700.49205032,r6:71205215.4219336,s1:225137.88,s2:31713.440000000002,s3:160000.0,s4:40000.0,s5:17777.8,s6:10000.0,rm_r_s:1296868972.849961,rm_r1_s:390709044.3150313,rm_r2_s:1171779222.4119902,rm_r3_s:291643390.82627285,rm_r4_s:94313578.3073715,rm_r5_s:81371774.4135925,rm_r6_s:1444864574.332961,rm_r_s1:1302789476.2336311,rm_r_s2:999237722.9998841,rm_r_s3:610789189.1701818,rm_r_s4:502420777.3604522,rm_r_s5:651270845.9439303,rm_r_s6:114792576.27080211,rm_r1_s1:120162183.72806992,rm_r1_s2:186061622.15782452,rm_r1_s3:121576732.30374224,rm_r1_s4:58933749.99027246,rm_r1_s5:101205418.53875387,rm_r1_s6:158280065.56719202,rm_r2_s1:279868634.7084725,rm_r2_s2:832001176.2180356,rm_r2_s3:670490786.1261749,rm_r2_s4:181392769.01601875,rm_r2_s5:245208906.40032518,rm_r2_s6:566406107.5350695,rm_r3_s1:156230070.63539612,rm_r3_s2:196745524.26958513,rm_r3_s3:32505461.06221812,rm_r3_s4:144160353.027343,rm_r3_s5:29985818.248525355,rm_r3_s6:90971264.73832104,rm_r4_s1:64757707.787942216,rm_r4_s2:56666095.82318786,rm_r4_s3:31640078.843298003,rm_r4_s4:15011471.29163778,rm_r4_s5:14143135.545460159,rm_r4_s6:37320730.53731425,rm_r5_s1:21453118.35678789,rm_r5_s2:45865070.530211866,rm_r5_s3:69177315.78554727,rm_r5_s4:73320923.29207365,rm_r5_s5:34030906.02039537,rm_r5_s6:52160155.78561039,rm_r6_s1:679543748.9669878,rm_r6_s2:984476755.3515848,rm_r6_s3:481547447.75801563,rm_r6_s4:617221579.8022234,rm_r6_s5:377796060.3095974,rm_r6_s6:629420618.1723042
estimated total cost: 1879808511.1453662
select * workload individual node costs: 
r,s3,s4,s5,s6,rm_r_s3,rm_r_s4,rm_r_s5,rm_r_s6
307344.60000000003,160000.0,40000.0,17777.8,10000.0,610789189.1701818,502420777.3604522,651270845.9439303,114792576.27080211

r:all_by_itself,s:all_by_itself,r1:partially_by_itself,r2:partially_by_itself,r3:partially_by_itself,r4:partially_by_itself,r5:partially_by_itself,r6:partially_by_itself,s1:all_by_itself,s2:all_by_itself,s3:all_by_itself,s4:all_by_itself,s5:all_by_itself,s6:all_by_itself,rm_r_s:all_by_itself,rm_r1_s:all_by_itself,rm_r2_s:all_by_itself,rm_r3_s:all_by_itself,rm_r4_s:all_by_itself,rm_r5_s:all_by_itself,rm_r6_s:all_by_itself,rm_r_s1:all_by_itself,rm_r_s2:all_by_itself,rm_r_s3:all_by_itself,rm_r_s4:all_by_itself,rm_r_s5:all_by_itself,rm_r_s6:all_by_itself,rm_r1_s1:all_by_itself,rm_r1_s2:all_by_itself,rm_r1_s3:all_by_itself,rm_r1_s4:all_by_itself,rm_r1_s5:all_by_itself,rm_r1_s6:all_by_itself,rm_r2_s1:all_by_itself,rm_r2_s2:all_by_itself,rm_r2_s3:all_by_itself,rm_r2_s4:all_by_itself,rm_r2_s5:all_by_itself,rm_r2_s6:all_by_itself,rm_r3_s1:all_by_itself,rm_r3_s2:all_by_itself,rm_r3_s3:all_by_itself,rm_r3_s4:all_by_itself,rm_r3_s5:all_by_itself,rm_r3_s6:all_by_itself,rm_r4_s1:all_by_itself,rm_r4_s2:all_by_itself,rm_r4_s3:all_by_itself,rm_r4_s4:all_by_itself,rm_r4_s5:all_by_itself,rm_r4_s6:all_by_itself,rm_r5_s1:all_by_itself,rm_r5_s2:all_by_itself,rm_r5_s3:all_by_itself,rm_r5_s4:all_by_itself,rm_r5_s5:all_by_itself,rm_r5_s6:all_by_itself,rm_r6_s1:all_by_itself,rm_r6_s2:all_by_itself,rm_r6_s3:all_by_itself,rm_r6_s4:all_by_itself,rm_r6_s5:all_by_itself,rm_r6_s6:all_by_itself
total insert query workload cost: 0
select * query individual nodes cost: r:307344.60000000003,s:260016.13,r1:11874814.028660899,r2:45740876.34944276,r3:17023072.220675413,r4:4255768.055168853,r5:7911700.49205032,r6:71205215.4219336,s1:225137.88,s2:31713.440000000002,s3:160000.0,s4:40000.0,s5:17777.8,s6:10000.0,rm_r_s:1296868972.849961,rm_r1_s:390709044.3150313,rm_r2_s:1171779222.4119902,rm_r3_s:291643390.82627285,rm_r4_s:94313578.3073715,rm_r5_s:81371774.4135925,rm_r6_s:1444864574.332961,rm_r_s1:1302789476.2336311,rm_r_s2:999237722.9998841,rm_r_s3:610789189.1701818,rm_r_s4:502420777.3604522,rm_r_s5:651270845.9439303,rm_r_s6:114792576.27080211,rm_r1_s1:120162183.72806992,rm_r1_s2:186061622.15782452,rm_r1_s3:121576732.30374224,rm_r1_s4:58933749.99027246,rm_r1_s5:101205418.53875387,rm_r1_s6:158280065.56719202,rm_r2_s1:279868634.7084725,rm_r2_s2:832001176.2180356,rm_r2_s3:670490786.1261749,rm_r2_s4:181392769.01601875,rm_r2_s5:245208906.40032518,rm_r2_s6:566406107.5350695,rm_r3_s1:156230070.63539612,rm_r3_s2:196745524.26958513,rm_r3_s3:32505461.06221812,rm_r3_s4:144160353.027343,rm_r3_s5:29985818.248525355,rm_r3_s6:90971264.73832104,rm_r4_s1:64757707.787942216,rm_r4_s2:56666095.82318786,rm_r4_s3:31640078.843298003,rm_r4_s4:15011471.29163778,rm_r4_s5:14143135.545460159,rm_r4_s6:37320730.53731425,rm_r5_s1:21453118.35678789,rm_r5_s2:45865070.530211866,rm_r5_s3:69177315.78554727,rm_r5_s4:73320923.29207365,rm_r5_s5:34030906.02039537,rm_r5_s6:52160155.78561039,rm_r6_s1:679543748.9669878,rm_r6_s2:984476755.3515848,rm_r6_s3:481547447.75801563,rm_r6_s4:617221579.8022234,rm_r6_s5:377796060.3095974,rm_r6_s6:629420618.1723042
estimated total cost: 8.996725123782623
select * workload individual node costs: 
r,s3,s4,s5,s6,rm_r_s3,rm_r_s4,rm_r_s5,rm_r_s6
307344.60000000003,160000.0,40000.0,17777.8,10000.0,610789189.1701818,502420777.3604522,651270845.9439303,114792576.27080211

r:all_by_itself,s:all_by_itself,r1:all_by_itself,r2:all_by_itself,r3:all_by_itself,r4:all_by_itself,r5:all_by_itself,r6:all_by_itself,s1:all_by_itself,s2:all_by_itself,s3:all_by_itself,s4:all_by_itself,s5:all_by_itself,s6:all_by_itself,rm_r_s:all_by_itself,rm_r1_s:all_by_itself,rm_r2_s:all_by_itself,rm_r3_s:all_by_itself,rm_r4_s:all_by_itself,rm_r5_s:all_by_itself,rm_r6_s:all_by_itself,rm_r_s1:all_by_itself,rm_r_s2:all_by_itself,rm_r_s3:all_by_itself,rm_r_s4:all_by_itself,rm_r_s5:all_by_itself,rm_r_s6:all_by_itself,rm_r1_s1:all_by_itself,rm_r1_s2:all_by_itself,rm_r1_s3:all_by_itself,rm_r1_s4:all_by_itself,rm_r1_s5:all_by_itself,rm_r1_s6:all_by_itself,rm_r2_s1:all_by_itself,rm_r2_s2:all_by_itself,rm_r2_s3:all_by_itself,rm_r2_s4:all_by_itself,rm_r2_s5:all_by_itself,rm_r2_s6:all_by_itself,rm_r3_s1:all_by_itself,rm_r3_s2:all_by_itself,rm_r3_s3:all_by_itself,rm_r3_s4:all_by_itself,rm_r3_s5:all_by_itself,rm_r3_s6:all_by_itself,rm_r4_s1:all_by_itself,rm_r4_s2:all_by_itself,rm_r4_s3:all_by_itself,rm_r4_s4:all_by_itself,rm_r4_s5:all_by_itself,rm_r4_s6:all_by_itself,rm_r5_s1:all_by_itself,rm_r5_s2:all_by_itself,rm_r5_s3:all_by_itself,rm_r5_s4:all_by_itself,rm_r5_s5:all_by_itself,rm_r5_s6:all_by_itself,rm_r6_s1:all_by_itself,rm_r6_s2:all_by_itself,rm_r6_s3:all_by_itself,rm_r6_s4:all_by_itself,rm_r6_s5:all_by_itself,rm_r6_s6:all_by_itself
total insert query workload cost: 0.0
select * query individual nodes cost: r:338079.06,s:260016.13,r1:57922.26,r2:223112.12,r3:40000.0,r4:10000.0,r5:17777.8,r6:160000.0,s1:225137.88,s2:31713.440000000002,s3:160000.0,s4:40000.0,s5:17777.8,s6:10000.0,rm_r_s:2264689133.163639,rm_r1_s:415015525.63963723,rm_r2_s:1272505658.025631,rm_r3_s:224957505.61276284,rm_r4_s:72514002.25229678,rm_r5_s:61995811.72231268,rm_r6_s:1106556446.4734733,rm_r_s1:3077011254.2115073,rm_r_s2:2496582185.2940817,rm_r_s3:2122971378.5158381,rm_r_s4:1805312524.9278731,rm_r_s5:2388367310.3118525,rm_r_s6:427300401.1326091,rm_r1_s1:132573868.4317052,rm_r1_s2:206793249.23321098,rm_r1_s3:141203552.279036,rm_r1_s4:68753836.28497127,rm_r1_s5:118392646.512683,rm_r1_s6:185530844.91672236,rm_r2_s1:319509822.2136433,rm_r2_s2:958935712.7611068,rm_r2_s3:817347584.9237792,rm_r2_s4:222362395.0200042,rm_r2_s5:301621544.87933,rm_r2_s6:698454637.7850686,rm_r3_s1:100776348.93453217,rm_r3_s2:122370359.8916766,rm_r3_s3:15993081.008162966,rm_r3_s4:69137630.98215997,rm_r3_s5:14154361.083297223,rm_r3_s6:42441890.45161957,rm_r4_s1:41382093.1489968,rm_r4_s2:34857327.309113964,rm_r4_s3:15174214.334085848,rm_r4_s4:7003477.657587652,rm_r4_s5:6486072.545239255,rm_r4_s6:16899725.428350367,rm_r5_s1:13541417.864737572,rm_r5_s2:27858250.6217169,rm_r5_s3:32766662.389320448,rm_r5_s4:33794374.17224264,rm_r5_s5:15421467.47313266,rm_r5_s6:23343004.575017117,rm_r6_s1:435349289.9577955,rm_r6_s2:608481665.1126915,rm_r6_s3:237249563.17342293,rm_r6_s4:296788097.17010355,rm_r6_s5:178947619.16689175,rm_r6_s6:294848004.9203702
estimated total cost: 6744517471.748173
select * workload individual node costs: 
r,s3,s4,s5,s6,rm_r_s3,rm_r_s4,rm_r_s5,rm_r_s6
338079.06,160000.0,40000.0,17777.8,10000.0,2122971378.5158381,1805312524.9278731,2388367310.3118525,427300401.1326091

r:all_by_itself,s:all_by_itself,r1:partially_by_itself,r2:partially_by_itself,r3:partially_by_itself,r4:partially_by_itself,r5:partially_by_itself,r6:partially_by_itself,s1:partially_by_itself,s2:partially_by_itself,s3:partially_by_itself,s4:partially_by_itself,s5:partially_by_itself,s6:partially_by_itself,rm_r_s:all_by_itself,rm_r1_s:all_by_itself,rm_r2_s:all_by_itself,rm_r3_s:all_by_itself,rm_r4_s:all_by_itself,rm_r5_s:all_by_itself,rm_r6_s:all_by_itself,rm_r_s1:all_by_itself,rm_r_s2:all_by_itself,rm_r_s3:all_by_itself,rm_r_s4:all_by_itself,rm_r_s5:all_by_itself,rm_r_s6:all_by_itself,rm_r1_s1:all_by_itself,rm_r1_s2:all_by_itself,rm_r1_s3:all_by_itself,rm_r1_s4:all_by_itself,rm_r1_s5:all_by_itself,rm_r1_s6:all_by_itself,rm_r2_s1:all_by_itself,rm_r2_s2:all_by_itself,rm_r2_s3:all_by_itself,rm_r2_s4:all_by_itself,rm_r2_s5:all_by_itself,rm_r2_s6:all_by_itself,rm_r3_s1:all_by_itself,rm_r3_s2:all_by_itself,rm_r3_s3:all_by_itself,rm_r3_s4:all_by_itself,rm_r3_s5:all_by_itself,rm_r3_s6:all_by_itself,rm_r4_s1:all_by_itself,rm_r4_s2:all_by_itself,rm_r4_s3:all_by_itself,rm_r4_s4:all_by_itself,rm_r4_s5:all_by_itself,rm_r4_s6:all_by_itself,rm_r5_s1:all_by_itself,rm_r5_s2:all_by_itself,rm_r5_s3:all_by_itself,rm_r5_s4:all_by_itself,rm_r5_s5:all_by_itself,rm_r5_s6:all_by_itself,rm_r6_s1:all_by_itself,rm_r6_s2:all_by_itself,rm_r6_s3:all_by_itself,rm_r6_s4:all_by_itself,rm_r6_s5:all_by_itself,rm_r6_s6:all_by_itself
total insert query workload cost: 0.0
select * query individual nodes cost: r:307344.60000000003,s:236378.30000000002,r1:11874814.028660899,r2:45740876.34944276,r3:17023072.220675413,r4:4255768.055168853,r5:7911700.49205032,r6:71205215.4219336,s1:45380973.228669666,s2:6392468.34708145,s3:70620064.04543619,s4:17655016.011359047,s5:7343990.957105022,s6:4130989.749634388,rm_r_s:395898511.03796625,rm_r1_s:151885615.8370434,rm_r2_s:463793939.3880936,rm_r3_s:132156795.95478754,rm_r4_s:42177505.68069403,rm_r5_s:37057904.03271198,rm_r6_s:671135662.6071578,rm_r_s1:1082205061.4328158,rm_r_s2:874595637.0923233,rm_r_s3:1221252989.4631677,rm_r_s4:1028394600.6168581,rm_r_s5:1307606091.326924,rm_r_s6:232868862.83408928,rm_r1_s1:103875352.35678008,rm_r1_s2:167847203.180337,rm_r1_s3:205203379.05736673,rm_r1_s4:100775520.01163301,rm_r1_s5:169745809.0271477,rm_r1_s6:266952567.06441152,rm_r2_s1:242657025.59429234,rm_r2_s2:752222345.8249563,rm_r2_s3:1118116194.4907923,rm_r2_s4:306269831.0297033,rm_r2_s5:406141154.6836544,rm_r2_s6:943110112.6765869,rm_r3_s1:138517891.5755698,rm_r3_s2:180840098.36085993,rm_r3_s3:49630826.593236394,rm_r3_s4:221968127.1913237,rm_r3_s5:45353100.11716528,rm_r3_s6:138077767.0513519,rm_r4_s1:57291426.72655678,rm_r4_s2:52002203.5862764,rm_r4_s3:48717202.043065235,rm_r4_s4:23316743.9237013,rm_r4_s5:21575694.92279734,rm_r4_s6:57142995.68165238,rm_r5_s1:19036560.141175907,rm_r5_s2:42182589.53859774,rm_r5_s3:105288753.12256098,rm_r5_s4:112522650.49417561,rm_r5_s5:51305011.44756903,rm_r5_s6:78909512.40152045,rm_r6_s1:604956733.6068223,rm_r6_s2:907583956.9684699,rm_r6_s3:723837737.2164226,rm_r6_s4:935021798.9531927,rm_r6_s5:562375994.1751187,rm_r6_s6:939985742.4064802
estimated total cost: 3890179949.604574
select * workload individual node costs: 
r,s3,s4,s5,s6,rm_r_s3,rm_r_s4,rm_r_s5,rm_r_s6
307344.60000000003,70620064.04543619,17655016.011359047,7343990.957105022,4130989.749634388,1221252989.4631677,1028394600.6168581,1307606091.326924,232868862.83408928

r:all_by_itself,s:all_by_itself,r1:contained_in_parent,r2:contained_in_parent,r3:contained_in_parent,r4:contained_in_parent,r5:contained_in_parent,r6:contained_in_parent,s1:contained_in_parent,s2:contained_in_parent,s3:contained_in_parent,s4:contained_in_parent,s5:contained_in_parent,s6:contained_in_parent,rm_r_s:all_by_itself,rm_r1_s:all_by_itself,rm_r2_s:all_by_itself,rm_r3_s:all_by_itself,rm_r4_s:all_by_itself,rm_r5_s:all_by_itself,rm_r6_s:all_by_itself,rm_r_s1:all_by_itself,rm_r_s2:all_by_itself,rm_r_s3:all_by_itself,rm_r_s4:all_by_itself,rm_r_s5:all_by_itself,rm_r_s6:all_by_itself,rm_r1_s1:all_by_itself,rm_r1_s2:all_by_itself,rm_r1_s3:all_by_itself,rm_r1_s4:all_by_itself,rm_r1_s5:all_by_itself,rm_r1_s6:all_by_itself,rm_r2_s1:all_by_itself,rm_r2_s2:all_by_itself,rm_r2_s3:all_by_itself,rm_r2_s4:all_by_itself,rm_r2_s5:all_by_itself,rm_r2_s6:all_by_itself,rm_r3_s1:all_by_itself,rm_r3_s2:all_by_itself,rm_r3_s3:all_by_itself,rm_r3_s4:all_by_itself,rm_r3_s5:all_by_itself,rm_r3_s6:all_by_itself,rm_r4_s1:all_by_itself,rm_r4_s2:all_by_itself,rm_r4_s3:all_by_itself,rm_r4_s4:all_by_itself,rm_r4_s5:all_by_itself,rm_r4_s6:all_by_itself,rm_r5_s1:all_by_itself,rm_r5_s2:all_by_itself,rm_r5_s3:all_by_itself,rm_r5_s4:all_by_itself,rm_r5_s5:all_by_itself,rm_r5_s6:all_by_itself,rm_r6_s1:all_by_itself,rm_r6_s2:all_by_itself,rm_r6_s3:all_by_itself,rm_r6_s4:all_by_itself,rm_r6_s5:all_by_itself,rm_r6_s6:all_by_itself
total insert query workload cost: 0.0
select * query individual nodes cost: r:307344.60000000003,s:236378.30000000002,r1:307344.60000000003,r2:307344.60000000003,r3:307344.60000000003,r4:307344.60000000003,r5:307344.60000000003,r6:307344.60000000003,s1:236378.30000000002,s2:236378.30000000002,s3:236378.30000000002,s4:236378.30000000002,s5:236378.30000000002,s6:236378.30000000002,rm_r_s:395898511.03796625,rm_r1_s:99277483.30757633,rm_r2_s:307234852.2037293,rm_r3_s:65778255.341277525,rm_r4_s:20685274.225619297,rm_r5_s:17989285.941432156,rm_r6_s:333134879.34766996,rm_r_s1:722631217.9267375,rm_r_s2:571172208.1543489,rm_r_s3:611025567.4701817,rm_r_s4:502657155.66045225,rm_r_s5:651507224.2439303,rm_r_s6:115028954.5708021,rm_r1_s1:50832144.26681872,rm_r1_s2:78882990.94297689,rm_r1_s3:79392652.2915426,rm_r1_s4:38099037.04030469,rm_r1_s5:64332357.140456066,rm_r1_s6:99498542.16054249,rm_r2_s1:120767115.81469849,rm_r2_s2:360722908.5789172,rm_r2_s3:442326902.42508507,rm_r2_s4:118132397.15546936,rm_r2_s5:157898341.08063543,rm_r2_s6:361303898.0986937,rm_r3_s1:54716354.44032336,rm_r3_s2:68258995.9613317,rm_r3_s3:16536803.908162966,rm_r3_s4:69681353.88215998,rm_r3_s5:14698083.983297221,rm_r3_s6:42985613.35161957,rm_r4_s1:22280776.813832715,rm_r4_s2:19374730.8487544,rm_r4_s3:15717937.234085849,rm_r4_s4:7547200.557587652,rm_r4_s5:7029795.445239255,rm_r4_s6:17443448.328350365,rm_r5_s1:7726770.302998422,rm_r5_s2:15748032.690282997,rm_r5_s3:33310385.289320447,rm_r5_s4:34338097.07224264,rm_r5_s5:15965190.373132661,rm_r5_s6:23886727.475017115,rm_r6_s1:239642050.5463996,rm_r6_s2:344802185.41665494,rm_r6_s3:237793286.0734229,rm_r6_s4:297331820.0701036,rm_r6_s5:179491342.06689176,rm_r6_s6:295391727.8203702
estimated total cost: 1881471759.7453666
select * workload individual node costs: 
r,s3,s4,s5,s6,rm_r_s3,rm_r_s4,rm_r_s5,rm_r_s6
307344.60000000003,236378.30000000002,236378.30000000002,236378.30000000002,236378.30000000002,611025567.4701817,502657155.66045225,651507224.2439303,115028954.5708021

r:all_by_itself,s:all_by_itself,r1:contained_in_parent,r2:contained_in_parent,r3:all_by_itself,r4:all_by_itself,r5:all_by_itself,r6:all_by_itself,s1:contained_in_parent,s2:contained_in_parent,s3:all_by_itself,s4:all_by_itself,s5:all_by_itself,s6:all_by_itself,rm_r_s:all_by_itself,rm_r1_s:all_by_itself,rm_r2_s:all_by_itself,rm_r3_s:all_by_itself,rm_r4_s:all_by_itself,rm_r5_s:all_by_itself,rm_r6_s:all_by_itself,rm_r_s1:all_by_itself,rm_r_s2:all_by_itself,rm_r_s3:all_by_itself,rm_r_s4:all_by_itself,rm_r_s5:all_by_itself,rm_r_s6:all_by_itself,rm_r1_s1:all_by_itself,rm_r1_s2:all_by_itself,rm_r1_s3:all_by_itself,rm_r1_s4:all_by_itself,rm_r1_s5:all_by_itself,rm_r1_s6:all_by_itself,rm_r2_s1:all_by_itself,rm_r2_s2:all_by_itself,rm_r2_s3:all_by_itself,rm_r2_s4:all_by_itself,rm_r2_s5:all_by_itself,rm_r2_s6:all_by_itself,rm_r3_s1:all_by_itself,rm_r3_s2:all_by_itself,rm_r3_s3:all_by_itself,rm_r3_s4:all_by_itself,rm_r3_s5:all_by_itself,rm_r3_s6:all_by_itself,rm_r4_s1:all_by_itself,rm_r4_s2:all_by_itself,rm_r4_s3:all_by_itself,rm_r4_s4:all_by_itself,rm_r4_s5:all_by_itself,rm_r4_s6:all_by_itself,rm_r5_s1:all_by_itself,rm_r5_s2:all_by_itself,rm_r5_s3:all_by_itself,rm_r5_s4:all_by_itself,rm_r5_s5:all_by_itself,rm_r5_s6:all_by_itself,rm_r6_s1:all_by_itself,rm_r6_s2:all_by_itself,rm_r6_s3:all_by_itself,rm_r6_s4:all_by_itself,rm_r6_s5:all_by_itself,rm_r6_s6:all_by_itself
total insert query workload cost: 0.0
select * query individual nodes cost: r:338079.06,s:260016.13,r1:137489.06,r2:302678.92,r3:40000.0,r4:10000.0,r5:17777.8,r6:160000.0,s1:233738.38,s2:40313.94,s3:160000.0,s4:40000.0,s5:17777.8,s6:10000.0,rm_r_s:1704289994.2213662,rm_r1_s:346360364.1509652,rm_r2_s:1068823071.4592106,rm_r3_s:179056365.03355274,rm_r4_s:57508946.8066438,rm_r5_s:49242030.154647134,rm_r6_s:883872906.355613,rm_r_s1:2525048621.738662,rm_r_s2:2030757777.0371027,rm_r_s3:1652522262.2368093,rm_r_s4:1399974943.53792,rm_r_s5:1847945989.183255,rm_r_s6:330077307.86225665,rm_r1_s1:132662035.7317052,rm_r1_s2:206881416.533211,rm_r1_s3:141283119.079036,rm_r1_s4:68833403.08497128,rm_r1_s5:118472213.31268302,rm_r1_s6:185610411.7167223,rm_r2_s1:319597989.5136433,rm_r2_s2:959023880.0611068,rm_r2_s3:817427151.7237793,rm_r2_s4:222441961.82000422,rm_r2_s5:301701111.67932993,rm_r2_s6:698534204.5850686,rm_r3_s1:100784949.43453217,rm_r3_s2:122378960.3916766,rm_r3_s3:15993081.008162966,rm_r3_s4:69137630.98215997,rm_r3_s5:14154361.083297223,rm_r3_s6:42441890.45161957,rm_r4_s1:41390693.6489968,rm_r4_s2:34865927.809113964,rm_r4_s3:15174214.334085848,rm_r4_s4:7003477.657587652,rm_r4_s5:6486072.545239255,rm_r4_s6:16899725.428350367,rm_r5_s1:13550018.364737572,rm_r5_s2:27866851.1217169,rm_r5_s3:32766662.389320448,rm_r5_s4:33794374.17224264,rm_r5_s5:15421467.47313266,rm_r5_s6:23343004.575017117,rm_r6_s1:435357890.4577955,rm_r6_s2:608490265.6126915,rm_r6_s3:237249563.17342293,rm_r6_s4:296788097.17010355,rm_r6_s5:178947619.16689175,rm_r6_s6:294848004.9203702
estimated total cost: 5231086359.680242
select * workload individual node costs: 
r,s3,s4,s5,s6,rm_r_s3,rm_r_s4,rm_r_s5,rm_r_s6
338079.06,160000.0,40000.0,17777.8,10000.0,1652522262.2368093,1399974943.53792,1847945989.183255,330077307.86225665

r:all_by_itself,s:all_by_itself,r1:partially_by_itself,r2:partially_by_itself,r3:all_by_itself,r4:all_by_itself,r5:all_by_itself,r6:all_by_itself,s1:partially_by_itself,s2:partially_by_itself,s3:all_by_itself,s4:all_by_itself,s5:all_by_itself,s6:all_by_itself,rm_r_s:all_by_itself,rm_r1_s:all_by_itself,rm_r2_s:all_by_itself,rm_r3_s:all_by_itself,rm_r4_s:all_by_itself,rm_r5_s:all_by_itself,rm_r6_s:all_by_itself,rm_r_s1:all_by_itself,rm_r_s2:all_by_itself,rm_r_s3:all_by_itself,rm_r_s4:all_by_itself,rm_r_s5:all_by_itself,rm_r_s6:all_by_itself,rm_r1_s1:all_by_itself,rm_r1_s2:all_by_itself,rm_r1_s3:all_by_itself,rm_r1_s4:all_by_itself,rm_r1_s5:all_by_itself,rm_r1_s6:all_by_itself,rm_r2_s1:all_by_itself,rm_r2_s2:all_by_itself,rm_r2_s3:all_by_itself,rm_r2_s4:all_by_itself,rm_r2_s5:all_by_itself,rm_r2_s6:all_by_itself,rm_r3_s1:all_by_itself,rm_r3_s2:all_by_itself,rm_r3_s3:all_by_itself,rm_r3_s4:all_by_itself,rm_r3_s5:all_by_itself,rm_r3_s6:all_by_itself,rm_r4_s1:all_by_itself,rm_r4_s2:all_by_itself,rm_r4_s3:all_by_itself,rm_r4_s4:all_by_itself,rm_r4_s5:all_by_itself,rm_r4_s6:all_by_itself,rm_r5_s1:all_by_itself,rm_r5_s2:all_by_itself,rm_r5_s3:all_by_itself,rm_r5_s4:all_by_itself,rm_r5_s5:all_by_itself,rm_r5_s6:all_by_itself,rm_r6_s1:all_by_itself,rm_r6_s2:all_by_itself,rm_r6_s3:all_by_itself,rm_r6_s4:all_by_itself,rm_r6_s5:all_by_itself,rm_r6_s6:all_by_itself
total insert query workload cost: 0.0
select * query individual nodes cost: r:338079.06,s:260016.13,r1:605229.8661595758,r2:5384153.211976961,r3:40000.0,r4:10000.0,r5:17777.8,r6:160000.0,s1:1037489.6241725509,s2:214783.0310584968,s3:160000.0,s4:40000.0,s5:17777.8,s6:10000.0,rm_r_s:1704289994.2213662,rm_r1_s:346828104.9571248,rm_r2_s:1073904545.7511876,rm_r3_s:179056365.03355274,rm_r4_s:57508946.8066438,rm_r5_s:49242030.154647134,rm_r6_s:883872906.355613,rm_r_s1:2525852372.9828343,rm_r_s2:2030932246.128161,rm_r_s3:1652522262.2368093,rm_r_s4:1399974943.53792,rm_r_s5:1847945989.183255,rm_r_s6:330077307.86225665,rm_r1_s1:133933527.78203733,rm_r1_s2:207523626.4304291,rm_r1_s3:141750859.88519558,rm_r1_s4:69301143.89113085,rm_r1_s5:118939954.11884257,rm_r1_s6:186078152.52288193,rm_r2_s1:325483215.04979277,rm_r2_s2:964279823.4441423,rm_r2_s3:822508626.0157562,rm_r2_s4:227523436.11198115,rm_r2_s5:306782585.9713069,rm_r2_s6:703615678.8770455,rm_r3_s1:101588700.67870472,rm_r3_s2:122553429.4827351,rm_r3_s3:15993081.008162966,rm_r3_s4:69137630.98215997,rm_r3_s5:14154361.083297223,rm_r3_s6:42441890.45161957,rm_r4_s1:42194444.89316935,rm_r4_s2:35040396.90017246,rm_r4_s3:15174214.334085848,rm_r4_s4:7003477.657587652,rm_r4_s5:6486072.545239255,rm_r4_s6:16899725.428350367,rm_r5_s1:14353769.608910123,rm_r5_s2:28041320.212775398,rm_r5_s3:32766662.389320448,rm_r5_s4:33794374.17224264,rm_r5_s5:15421467.47313266,rm_r5_s6:23343004.575017117,rm_r6_s1:436161641.7019681,rm_r6_s2:608664734.70375,rm_r6_s3:237249563.17342293,rm_r6_s4:296788097.17010355,rm_r6_s5:178947619.16689175,rm_r6_s6:294848004.9203702
estimated total cost: 5231086359.680242
select * workload individual node costs: 
r,s3,s4,s5,s6,rm_r_s3,rm_r_s4,rm_r_s5,rm_r_s6
338079.06,160000.0,40000.0,17777.8,10000.0,1652522262.2368093,1399974943.53792,1847945989.183255,330077307.86225665

r:all_by_itself,s:all_by_itself,r1:all_by_itself,r2:all_by_itself,r3:contained_in_parent,r4:contained_in_parent,r5:contained_in_parent,r6:contained_in_parent,s1:all_by_itself,s2:all_by_itself,s3:contained_in_parent,s4:contained_in_parent,s5:contained_in_parent,s6:contained_in_parent,rm_r_s:all_by_itself,rm_r1_s:all_by_itself,rm_r2_s:all_by_itself,rm_r3_s:all_by_itself,rm_r4_s:all_by_itself,rm_r5_s:all_by_itself,rm_r6_s:all_by_itself,rm_r_s1:all_by_itself,rm_r_s2:all_by_itself,rm_r_s3:all_by_itself,rm_r_s4:all_by_itself,rm_r_s5:all_by_itself,rm_r_s6:all_by_itself,rm_r1_s1:all_by_itself,rm_r1_s2:all_by_itself,rm_r1_s3:all_by_itself,rm_r1_s4:all_by_itself,rm_r1_s5:all_by_itself,rm_r1_s6:all_by_itself,rm_r2_s1:all_by_itself,rm_r2_s2:all_by_itself,rm_r2_s3:all_by_itself,rm_r2_s4:all_by_itself,rm_r2_s5:all_by_itself,rm_r2_s6:all_by_itself,rm_r3_s1:all_by_itself,rm_r3_s2:all_by_itself,rm_r3_s3:all_by_itself,rm_r3_s4:all_by_itself,rm_r3_s5:all_by_itself,rm_r3_s6:all_by_itself,rm_r4_s1:all_by_itself,rm_r4_s2:all_by_itself,rm_r4_s3:all_by_itself,rm_r4_s4:all_by_itself,rm_r4_s5:all_by_itself,rm_r4_s6:all_by_itself,rm_r5_s1:all_by_itself,rm_r5_s2:all_by_itself,rm_r5_s3:all_by_itself,rm_r5_s4:all_by_itself,rm_r5_s5:all_by_itself,rm_r5_s6:all_by_itself,rm_r6_s1:all_by_itself,rm_r6_s2:all_by_itself,rm_r6_s3:all_by_itself,rm_r6_s4:all_by_itself,rm_r6_s5:all_by_itself,rm_r6_s6:all_by_itself
total insert query workload cost: 0.0
select * query individual nodes cost: r:338079.06,s:260016.13,r1:52656.600000000006,r2:202829.2,r3:52656.600000000006,r4:52656.600000000006,r5:202829.2,r6:202829.2,s1:204670.80000000002,s2:28830.4,s3:204670.80000000002,s4:204670.80000000002,s5:28830.4,s6:28830.4,rm_r_s:1052122218.1966102,rm_r1_s:180489470.947196,rm_r2_s:548589256.9362731,rm_r3_s:119962282.9980731,rm_r4_s:38226569.86595461,rm_r5_s:33010745.180622116,rm_r6_s:597132862.6863503,rm_r_s1:1361616375.3768797,rm_r_s2:1110403239.5180595,rm_r_s3:1155807047.0280156,rm_r_s4:972034895.239519,rm_r_s5:1277145601.2907786,rm_r_s6:227412591.2800758,rm_r1_s1:50288421.36681871,rm_r1_s2:78339268.0429769,rm_r1_s3:79053600.1915426,rm_r1_s4:37759984.94030468,rm_r1_s5:63817464.640456066,rm_r1_s6:98983649.66054249,rm_r2_s1:120223392.91469848,rm_r2_s2:360179185.67891717,rm_r2_s3:441987850.32508504,rm_r2_s4:117793345.05546936,rm_r2_s5:157383448.58063543,rm_r2_s6:360789005.5986937,rm_r3_s1:54225288.140323356,rm_r3_s2:67767929.66133168,rm_r3_s3:16250408.408162966,rm_r3_s4:69394958.38215998,rm_r3_s5:14235848.083297223,rm_r3_s6:42523377.45161957,rm_r4_s1:21789710.51383271,rm_r4_s2:18883664.548754398,rm_r4_s3:15431541.734085849,rm_r4_s4:7260805.057587652,rm_r4_s5:6567559.545239255,rm_r4_s6:16981212.428350367,rm_r5_s1:7385876.602998422,rm_r5_s2:15407138.990282997,rm_r5_s3:33174162.389320448,rm_r5_s4:34201874.17224264,rm_r5_s5:15653127.07313266,rm_r5_s6:23574664.17501712,rm_r6_s1:239301156.8463996,rm_r6_s2:344461291.7166549,rm_r6_s3:237657063.17342293,rm_r6_s4:297195597.17010355,rm_r6_s5:179179278.76689178,rm_r6_s6:295079664.52037024
estimated total cost: 3633205216.2983894
select * workload individual node costs: 
r,s3,s4,s5,s6,rm_r_s3,rm_r_s4,rm_r_s5,rm_r_s6
338079.06,204670.80000000002,204670.80000000002,28830.4,28830.4,1155807047.0280156,972034895.239519,1277145601.2907786,227412591.2800758

r:all_by_itself,s:all_by_itself,r1:all_by_itself,r2:all_by_itself,r3:partially_by_itself,r4:partially_by_itself,r5:partially_by_itself,r6:partially_by_itself,s1:all_by_itself,s2:all_by_itself,s3:partially_by_itself,s4:partially_by_itself,s5:partially_by_itself,s6:partially_by_itself,rm_r_s:all_by_itself,rm_r1_s:all_by_itself,rm_r2_s:all_by_itself,rm_r3_s:all_by_itself,rm_r4_s:all_by_itself,rm_r5_s:all_by_itself,rm_r6_s:all_by_itself,rm_r_s1:all_by_itself,rm_r_s2:all_by_itself,rm_r_s3:all_by_itself,rm_r_s4:all_by_itself,rm_r_s5:all_by_itself,rm_r_s6:all_by_itself,rm_r1_s1:all_by_itself,rm_r1_s2:all_by_itself,rm_r1_s3:all_by_itself,rm_r1_s4:all_by_itself,rm_r1_s5:all_by_itself,rm_r1_s6:all_by_itself,rm_r2_s1:all_by_itself,rm_r2_s2:all_by_itself,rm_r2_s3:all_by_itself,rm_r2_s4:all_by_itself,rm_r2_s5:all_by_itself,rm_r2_s6:all_by_itself,rm_r3_s1:all_by_itself,rm_r3_s2:all_by_itself,rm_r3_s3:all_by_itself,rm_r3_s4:all_by_itself,rm_r3_s5:all_by_itself,rm_r3_s6:all_by_itself,rm_r4_s1:all_by_itself,rm_r4_s2:all_by_itself,rm_r4_s3:all_by_itself,rm_r4_s4:all_by_itself,rm_r4_s5:all_by_itself,rm_r4_s6:all_by_itself,rm_r5_s1:all_by_itself,rm_r5_s2:all_by_itself,rm_r5_s3:all_by_itself,rm_r5_s4:all_by_itself,rm_r5_s5:all_by_itself,rm_r5_s6:all_by_itself,rm_r6_s1:all_by_itself,rm_r6_s2:all_by_itself,rm_r6_s3:all_by_itself,rm_r6_s4:all_by_itself,rm_r6_s5:all_by_itself,rm_r6_s6:all_by_itself
total insert query workload cost: 0.0
select * query individual nodes cost: r:338079.06,s:260016.13,r1:52656.600000000006,r2:202829.2,r3:8002501.938005512,r4:2000625.484501378,r5:3902553.1327690952,r6:35122934.291254,s1:204670.80000000002,s2:28830.4,s3:35143798.17562405,s4:8785949.543906013,s5:3402178.710977858,s6:1913723.132771129,rm_r_s:1052122218.1966102,rm_r1_s:180489470.947196,rm_r2_s:548589256.9362731,rm_r3_s:151258487.44623196,rm_r4_s:48421837.22274508,rm_r5_s:42365371.29345277,rm_r6_s:763805087.1547616,rm_r_s1:1361616375.3768797,rm_r_s2:1110403239.5180595,rm_r_s3:1459397294.5846157,rm_r_s4:1233579036.764181,rm_r_s5:1581170767.1645813,rm_r_s6:282083804.8702296,rm_r1_s1:50288421.36681871,rm_r1_s2:78339268.0429769,rm_r1_s3:120465402.49078378,rm_r1_s4:58377707.051127896,rm_r1_s5:95540669.16584277,rm_r1_s6:149298463.9112561,rm_r2_s1:120223392.91469848,rm_r2_s2:360179185.67891717,rm_r2_s3:664542210.1558996,rm_r2_s4:179733254.88556063,rm_r2_s5:231908123.5181715,rm_r2_s6:535272147.5197724,rm_r3_s1:80241281.75974745,rm_r3_s2:102678844.22863281,rm_r3_s3:32277878.945617143,rm_r3_s4:143126351.2771219,rm_r3_s5:28715737.93955095,rm_r3_s6:87077990.60410142,rm_r4_s1:32725869.506298587,rm_r4_s2:29083253.2565914,rm_r4_s3:31413137.8278657,rm_r4_s4:14901101.00370847,rm_r4_s5:13528846.864408296,rm_r4_s6:35682453.263929285,rm_r5_s1:11085600.535767518,rm_r5_s2:24086416.932194628,rm_r5_s3:68697424.28613517,rm_r5_s4:72799964.36510015,rm_r5_s5:32603229.913082387,rm_r5_s6:49949365.91359456,rm_r6_s1:359550542.94053704,rm_r6_s2:529723119.4247338,rm_r6_s3:478327607.7606192,rm_r6_s4:612998274.5303079,rm_r6_s5:362540835.5119836,rm_r6_s6:603752926.7538915
estimated total cost: 4605814632.0068865
select * workload individual node costs: 
r,s3,s4,s5,s6,rm_r_s3,rm_r_s4,rm_r_s5,rm_r_s6
338079.06,35143798.17562405,8785949.543906013,3402178.710977858,1913723.132771129,1459397294.5846157,1233579036.764181,1581170767.1645813,282083804.8702296

