query_id,category,expected_occurrences,observed_occurrences,total_execution_ms,mean_execution_ms,min_execution_ms,max_execution_ms,total_planning_ms,mean_planning_ms,total_planning_plus_execution_ms
Q001,selection_projection,1,1,4923.094000,4923.094000,4923.094000,4923.094000,0.255000,0.255000,4923.349000
Q002,selection_projection,1,1,536.233000,536.233000,536.233000,536.233000,0.129000,0.129000,536.362000
Q003,selection_projection,1,1,1146.791000,1146.791000,1146.791000,1146.791000,0.054000,0.054000,1146.845000
Q004,selection_projection,1,1,909.227000,909.227000,909.227000,909.227000,0.057000,0.057000,909.284000
Q005,selection_projection,1,1,1173.696000,1173.696000,1173.696000,1173.696000,0.079000,0.079000,1173.775000
Q006,selection_projection,1,1,166.272000,166.272000,166.272000,166.272000,0.065000,0.065000,166.337000
Q007,selection_projection,1,1,147.385000,147.385000,147.385000,147.385000,0.041000,0.041000,147.426000
Q008,selection_projection,1,1,163.780000,163.780000,163.780000,163.780000,0.066000,0.066000,163.846000
Q009,selection_projection,1,1,1910.219000,1910.219000,1910.219000,1910.219000,0.076000,0.076000,1910.295000
Q010,selection_projection,1,1,1479.455000,1479.455000,1479.455000,1479.455000,0.100000,0.100000,1479.555000
Q011,selection_projection,1,1,1537.880000,1537.880000,1537.880000,1537.880000,0.045000,0.045000,1537.925000
Q012,selection_projection,1,1,931.301000,931.301000,931.301000,931.301000,0.052000,0.052000,931.353000
Q013,selection_projection,1,1,984.868000,984.868000,984.868000,984.868000,0.048000,0.048000,984.916000
Q014,selection_projection,1,1,1303.262000,1303.262000,1303.262000,1303.262000,0.102000,0.102000,1303.364000
Q015,selection_projection,1,1,1070.954000,1070.954000,1070.954000,1070.954000,0.059000,0.059000,1071.013000
Q016,selection_projection,1,1,1491.068000,1491.068000,1491.068000,1491.068000,0.062000,0.062000,1491.130000
Q017,selection_projection,1,1,1861.665000,1861.665000,1861.665000,1861.665000,0.096000,0.096000,1861.761000
Q018,selection_projection,1,1,1071.483000,1071.483000,1071.483000,1071.483000,0.058000,0.058000,1071.541000
Q019,selection_projection,1,1,1363.710000,1363.710000,1363.710000,1363.710000,0.059000,0.059000,1363.769000
Q020,selection_projection,1,1,878.071000,878.071000,878.071000,878.071000,0.054000,0.054000,878.125000
Q021,selection_projection,1,1,846.603000,846.603000,846.603000,846.603000,0.045000,0.045000,846.648000
Q022,selection_projection,1,1,1348.104000,1348.104000,1348.104000,1348.104000,0.061000,0.061000,1348.165000
Q023,selection_projection,1,1,1006.500000,1006.500000,1006.500000,1006.500000,0.072000,0.072000,1006.572000
Q024,selection_projection,1,1,997.005000,997.005000,997.005000,997.005000,0.074000,0.074000,997.079000
Q025,selection_projection,1,1,2121.241000,2121.241000,2121.241000,2121.241000,0.078000,0.078000,2121.319000
Q026,selection_projection,1,1,2333.354000,2333.354000,2333.354000,2333.354000,0.074000,0.074000,2333.428000
Q027,selection_projection,1,1,958.884000,958.884000,958.884000,958.884000,0.061000,0.061000,958.945000
Q028,selection_projection,1,1,1418.211000,1418.211000,1418.211000,1418.211000,0.061000,0.061000,1418.272000
Q029,selection_projection,1,1,2038.630000,2038.630000,2038.630000,2038.630000,0.057000,0.057000,2038.687000
Q030,selection_projection,1,1,208.451000,208.451000,208.451000,208.451000,0.064000,0.064000,208.515000
Q031,selection_projection,1,1,1030.964000,1030.964000,1030.964000,1030.964000,0.064000,0.064000,1031.028000
Q032,selection_projection,1,1,947.541000,947.541000,947.541000,947.541000,0.067000,0.067000,947.608000
Q033,selection_projection,1,1,910.135000,910.135000,910.135000,910.135000,0.047000,0.047000,910.182000
Q034,selection_projection,1,1,2026.359000,2026.359000,2026.359000,2026.359000,0.055000,0.055000,2026.414000
Q035,selection_projection,1,1,882.553000,882.553000,882.553000,882.553000,0.055000,0.055000,882.608000
Q036,selection_projection,1,1,1062.507000,1062.507000,1062.507000,1062.507000,0.047000,0.047000,1062.554000
Q037,selection_projection,1,1,188.230000,188.230000,188.230000,188.230000,0.064000,0.064000,188.294000
Q038,selection_projection,1,1,1087.146000,1087.146000,1087.146000,1087.146000,0.047000,0.047000,1087.193000
Q039,selection_projection,1,1,2023.255000,2023.255000,2023.255000,2023.255000,0.071000,0.071000,2023.326000
Q040,selection_projection,1,1,207.981000,207.981000,207.981000,207.981000,0.061000,0.061000,208.042000
Q041,selection_projection,1,1,888.224000,888.224000,888.224000,888.224000,0.061000,0.061000,888.285000
Q042,selection_projection,1,1,1056.848000,1056.848000,1056.848000,1056.848000,0.049000,0.049000,1056.897000
Q043,selection_projection,1,1,919.742000,919.742000,919.742000,919.742000,0.047000,0.047000,919.789000
Q044,selection_projection,1,1,1040.622000,1040.622000,1040.622000,1040.622000,0.047000,0.047000,1040.669000
Q045,selection_projection,1,1,137.287000,137.287000,137.287000,137.287000,0.051000,0.051000,137.338000
Q046,selection_projection,1,1,1992.234000,1992.234000,1992.234000,1992.234000,0.059000,0.059000,1992.293000
Q047,selection_projection,1,1,1164.562000,1164.562000,1164.562000,1164.562000,0.049000,0.049000,1164.611000
Q048,selection_projection,1,1,2076.942000,2076.942000,2076.942000,2076.942000,0.055000,0.055000,2076.997000
Q049,selection_projection,1,1,300.716000,300.716000,300.716000,300.716000,0.073000,0.073000,300.789000
Q050,selection_projection,1,1,964.420000,964.420000,964.420000,964.420000,0.056000,0.056000,964.476000
Q051,selection_projection,1,1,918.477000,918.477000,918.477000,918.477000,0.049000,0.049000,918.526000
Q052,selection_projection,1,1,1168.615000,1168.615000,1168.615000,1168.615000,0.064000,0.064000,1168.679000
Q053,selection_projection,1,1,1013.304000,1013.304000,1013.304000,1013.304000,0.048000,0.048000,1013.352000
Q054,selection_projection,1,1,982.961000,982.961000,982.961000,982.961000,0.048000,0.048000,983.009000
Q055,selection_projection,1,1,1377.350000,1377.350000,1377.350000,1377.350000,0.048000,0.048000,1377.398000
Q056,selection_projection,1,1,895.644000,895.644000,895.644000,895.644000,0.048000,0.048000,895.692000
Q057,selection_projection,1,1,1046.441000,1046.441000,1046.441000,1046.441000,0.060000,0.060000,1046.501000
Q058,selection_projection,1,1,991.162000,991.162000,991.162000,991.162000,41.861000,41.861000,1033.023000
Q059,selection_projection,1,1,1002.474000,1002.474000,1002.474000,1002.474000,0.053000,0.053000,1002.527000
Q060,selection_projection,1,1,1058.952000,1058.952000,1058.952000,1058.952000,0.048000,0.048000,1059.000000
Q061,selection_projection,1,1,937.424000,937.424000,937.424000,937.424000,0.046000,0.046000,937.470000
Q062,selection_projection,1,1,127.809000,127.809000,127.809000,127.809000,0.049000,0.049000,127.858000
Q063,selection_projection,1,1,1081.209000,1081.209000,1081.209000,1081.209000,0.055000,0.055000,1081.264000
Q064,selection_projection,1,1,911.590000,911.590000,911.590000,911.590000,0.047000,0.047000,911.637000
Q065,selection_projection,1,1,945.708000,945.708000,945.708000,945.708000,0.069000,0.069000,945.777000
Q066,selection_projection,1,1,1052.076000,1052.076000,1052.076000,1052.076000,0.066000,0.066000,1052.142000
Q067,selection_projection,1,1,905.933000,905.933000,905.933000,905.933000,0.044000,0.044000,905.977000
Q068,selection_projection,1,1,1944.281000,1944.281000,1944.281000,1944.281000,0.064000,0.064000,1944.345000
Q069,selection_projection,1,1,887.627000,887.627000,887.627000,887.627000,0.069000,0.069000,887.696000
Q070,selection_projection,1,1,1462.514000,1462.514000,1462.514000,1462.514000,0.064000,0.064000,1462.578000
Q071,selection_projection,1,1,1258.259000,1258.259000,1258.259000,1258.259000,0.090000,0.090000,1258.349000
Q072,selection_projection,1,1,947.307000,947.307000,947.307000,947.307000,0.058000,0.058000,947.365000
Q073,selection_projection,1,1,1413.432000,1413.432000,1413.432000,1413.432000,0.075000,0.075000,1413.507000
Q074,selection_projection,1,1,1444.303000,1444.303000,1444.303000,1444.303000,0.061000,0.061000,1444.364000
Q075,selection_projection,1,1,1990.521000,1990.521000,1990.521000,1990.521000,0.051000,0.051000,1990.572000
Q076,selection_projection,1,1,939.253000,939.253000,939.253000,939.253000,0.065000,0.065000,939.318000
Q077,selection_projection,1,1,1472.416000,1472.416000,1472.416000,1472.416000,0.059000,0.059000,1472.475000
Q078,selection_projection,1,1,964.353000,964.353000,964.353000,964.353000,0.048000,0.048000,964.401000
Q079,selection_projection,1,1,1073.523000,1073.523000,1073.523000,1073.523000,0.073000,0.073000,1073.596000
Q080,selection_projection,1,1,991.245000,991.245000,991.245000,991.245000,0.052000,0.052000,991.297000
Q081,selection_projection,1,1,1362.259000,1362.259000,1362.259000,1362.259000,0.063000,0.063000,1362.322000
Q082,selection_projection,1,1,1574.446000,1574.446000,1574.446000,1574.446000,0.064000,0.064000,1574.510000
Q083,selection_projection,1,1,911.216000,911.216000,911.216000,911.216000,0.049000,0.049000,911.265000
Q084,selection_projection,1,1,1968.079000,1968.079000,1968.079000,1968.079000,0.055000,0.055000,1968.134000
Q085,selection_projection,1,1,1525.870000,1525.870000,1525.870000,1525.870000,0.070000,0.070000,1525.940000
Q086,selection_projection,1,1,2256.807000,2256.807000,2256.807000,2256.807000,0.072000,0.072000,2256.879000
Q087,selection_projection,1,1,1403.559000,1403.559000,1403.559000,1403.559000,0.048000,0.048000,1403.607000
Q088,selection_projection,1,1,934.663000,934.663000,934.663000,934.663000,0.047000,0.047000,934.710000
Q089,selection_projection,1,1,1003.936000,1003.936000,1003.936000,1003.936000,0.064000,0.064000,1004.000000
Q090,selection_projection,1,1,898.231000,898.231000,898.231000,898.231000,0.077000,0.077000,898.308000
Q091,selection_projection,1,1,919.834000,919.834000,919.834000,919.834000,0.053000,0.053000,919.887000
Q092,selection_projection,1,1,1059.478000,1059.478000,1059.478000,1059.478000,0.050000,0.050000,1059.528000
Q093,selection_projection,1,1,154.517000,154.517000,154.517000,154.517000,0.045000,0.045000,154.562000
Q094,selection_projection,1,1,168.209000,168.209000,168.209000,168.209000,0.054000,0.054000,168.263000
Q095,selection_projection,1,1,915.999000,915.999000,915.999000,915.999000,0.044000,0.044000,916.043000
Q096,selection_projection,1,1,918.273000,918.273000,918.273000,918.273000,0.046000,0.046000,918.319000
Q097,selection_projection,1,1,144.872000,144.872000,144.872000,144.872000,0.050000,0.050000,144.922000
Q098,selection_projection,1,1,184.646000,184.646000,184.646000,184.646000,0.051000,0.051000,184.697000
Q099,selection_projection,1,1,249.876000,249.876000,249.876000,249.876000,0.052000,0.052000,249.928000
Q100,selection_projection,1,1,1416.404000,1416.404000,1416.404000,1416.404000,0.048000,0.048000,1416.452000
