2555,491,470
146,613,8171
2508,785,8246
985,601,2468
797,846,2505
1708,690,4456
155,909,8454
1765,75,1855
1767,885,7261
1985,546,4332
13,876,5906
483,754,3494
2170,722,3059
903,780,109
2384,203,612
2517,901,2304
1296,760,7749
2686,872,7309
2634,369,5186
2114,726,8615
314,635,8368
2209,138,734
1391,78,3433
625,823,6280
2227,981,7409
97,80,2489
2095,658,3767
2252,503,2490
857,712,5441
1843,915,3483
244,883,7154
2199,717,842
1750,415,8633
327,835,7234
2259,219,1122
650,429,1371
1650,684,6307
2865,301,2789
625,108,1365
1224,187,6430
1488,389,4689
2068,226,3596
3141,273,7951
2673,67,1626
2213,1000,2176
1691,597,7216
1001,934,2095
2676,597,3825
1996,988,5756
2116,364,3250
55,681,6293
622,408,2198
2522,997,305
2120,288,5630
2915,301,80
1900,886,3558
292,103,1109
249,164,4260
991,157,2883
2265,628,2676
2552,175,3217
2934,578,4497
1025,304,3753
2557,213,5664
752,839,77
51,417,3279
2008,408,421
3094,780,3438
1486,679,6450
3053,934,4374
1855,737,3348
2245,976,4784
2784,78,8131
921,531,4726
2719,968,3346
1979,12,2135
3071,825,7923
1776,567,7412
922,163,7586
2912,758,5443
1052,921,3396
2430,693,6724
2762,940,3457
2532,134,2086
3155,60,3579
78,635,3492
1968,901,7302
1843,455,7358
2798,422,1181
51,711,2956
1877,317,710
1962,911,1079
1535,870,7456
2009,913,2148
120,173,6659
2154,606,5138
258,523,3905
430,147,5711
2173,465,4352
896,774,4816
408,192,6572
1071,585,7323
2653,144,4496
450,955,7048
1035,121,6553
1404,501,8372
2075,872,4375
1258,651,5800
2878,299,7504
1706,177,1851
2250,31,8573
2987,806,6447
2495,619,5657
167,771,3131
1596,69,7491
1619,46,1530
799,208,8772
3097,104,8258
2683,418,653
1277,138,5738
1899,225,1007
2666,340,1439
536,328,1067
458,702,3457
2172,378,7825
2669,997,4117
1771,498,4445
833,670,7160
1158,445,3475
122,282,8450
1723,272,5265
1792,427,3864
1684,249,7835
322,30,5906
2007,262,8706
717,69,6675
1622,372,4980
1249,48,4043
2587,243,66
2531,787,225
1500,290,1204
2664,25,2672
2431,19,2147
2865,107,8143
718,253,1382
386,274,6239
605,934,573
1939,135,209
2477,389,3575
1552,834,3227
261,121,2275
2533,689,1247
1368,674,5396
1997,146,4783
1710,743,2099
2826,418,5592
1256,6,2756
458,899,7282
2832,187,2110
65,480,5763
496,886,2819
875,971,5362
2178,886,515
733,888,6826
2519,825,1013
142,10,8806
1846,292,2840
157,785,2612
772,182,6964
1935,780,5228
134,676,858
745,102,8573
1834,353,4286
1433,833,3458
538,446,6749
2787,594,1608
2388,354,1229
277,540,3832
661,810,4311
303,114,4233
2867,221,1701
2209,915,5251
673,557,2588
1198,940,4848
486,571,3893
315,984,5383
1184,503,7727
2347,396,873
1871,257,5626
1703,789,882
1309,349,2655
966,972,2240
2895,108,805
1236,398,998
1308,87,683
1321,555,5710
1019,375,7479
863,813,5158
412,933,3397
2093,135,7570
3045,633,3185
408,620,734
1122,19,4357
1697,739,5008
2803,927,1222
2610,180,179
851,49,806
2097,949,6002
187,152,1096
1446,874,1339
1733,531,8486
135,542,3696
365,892,7237
347,77,1718
29,753,8188
1443,632,3252
108,614,1823
1376,933,8009
999,444,7598
2550,216,7184
507,843,8164
411,368,5408
2984,428,3969
1272,815,6075
1901,972,3978
2245,668,8224
1209,273,4391
1310,348,7269
2238,432,830
573,461,2927
2501,513,5272
640,500,867
778,147,3800
1168,783,8605
86,233,620
194,640,8715
1422,87,1789
1593,117,489
3081,329,124
2870,961,5100
3052,883,163
1211,133,1011
2759,688,4054
155,146,544
365,530,5746
139,683,4267
2858,632,8632
1270,124,6952
2127,852,4476
967,142,3122
1130,654,4791
2383,794,286
948,626,7832
1605,744,5453
2557,523,866
295,318,4652
2692,543,2390
2721,131,4980
2443,53,736
216,730,8491
57,576,3231
952,552,4456
2020,441,4474
259,43,2831
1671,24,6518
1667,266,8266
953,218,6532
1653,428,6216
2027,4,5513
274,686,4476
1251,457,6103
187,354,7916
1168,810,4428
1430,294,5338
2693,332,8193
2887,892,8257
1029,295,6628
1735,972,2269
1428,260,8453
2099,993,5818
1421,33,8444
2403,965,2571
3076,611,3087
772,330,7700
2882,893,1202
958,356,7049
763,586,2748
1195,779,7352
528,374,4218
739,121,2975
2050,58,6820
377,493,8524
2024,574,6373
1703,179,992
195,49,7656
795,607,1676
1819,219,6329
1185,251,1358
1947,106,4481
2915,402,2292
2902,45,3563
1528,638,3812
582,105,4446
2772,536,299
83,643,4430
1080,601,3487
1821,829,7492
800,954,1183
41,348,2530
999,405,8208
1489,139,6311
536,677,4999
507,683,5023
2511,985,7967
755,586,1796
2981,340,4955
2927,338,4244
335,251,7946
3028,587,6727
3091,405,300
2581,619,5124
830,550,4848
976,90,8742
1603,917,7863
77,524,387
977,572,408
2841,492,1819
2890,548,8398
2019,211,2981
1026,800,1584
1071,283,1384
1468,688,779
2222,8,4011
1284,192,3176
2086,393,6141
2813,889,4200
1978,576,6788
3152,327,8175
2219,513,3099
1320,883,2890
2225,66,1555
3103,826,8447
2282,163,8709
1451,664,1756
2204,468,1457
3018,417,7875
1786,62,3631
744,915,5281
925,16,5445
1318,61,4669
283,975,3376
3103,509,5243
2109,426,6622
2801,593,4717
1028,406,3727
157,489,6719
608,75,6917
203,659,8718
1933,388,8593
2668,3,2024
1713,637,2712
2015,79,2663
2985,637,6733
1714,146,8652
1081,452,6264
1055,397,5688
610,192,6755
255,876,7094
1038,80,8561
496,989,104
2763,255,1586
2703,93,4519
2814,364,2726
2627,542,5741
1878,184,4435
298,971,7832
817,247,1688
2030,584,5894
2310,184,4355
2136,125,7933
3060,754,8293
1290,751,1363
9,165,2857
2907,825,7856
2677,461,8315
2221,75,507
1319,519,5976
3157,693,2577
1941,245,6949
1082,322,7074
1473,938,5044
2978,344,729
774,165,1775
1071,992,6851
209,525,3614
536,519,6053
2577,899,6567
2764,270,3035
1335,329,1882
1046,779,1331
1818,948,5797
479,980,3273
2818,509,1227
2815,202,5972
898,904,6502
1857,46,6660
439,301,1145
1682,197,7016
2649,31,6544
1429,419,5234
2983,331,1810
2880,840,5586
2883,812,3914
843,815,8457
26,269,259
802,152,7380
767,231,874
2900,84,3495
1075,763,383
2312,812,1537
2988,765,5079
507,795,1981
2286,126,3171
2251,323,3035
1011,135,8014
1466,646,1096
2694,463,6478
441,997,2857
2929,43,2929
2637,874,6009
2743,542,1310
990,194,4987
1259,849,3817
2169,677,3110
334,38,5929
2437,338,3146
2977,130,2805
8,829,5323
1195,832,5817
163,186,2927
2750,288,678
2492,359,988
2865,453,3493
1222,640,188
1908,931,3746
2347,267,2201
1194,5,7682
837,796,7903
1693,715,255
2683,442,1960
2990,279,5974
2557,306,1039
3141,952,1415
2392,907,6056
1808,784,2902
2901,232,3106
3065,972,6572
1058,866,1813
1404,138,1814
695,599,5005
648,782,2121
2856,273,8650
774,841,2094
1830,898,6815
1970,814,1478
924,779,1626
1243,206,3740
1985,925,5523
891,981,4787
1969,616,5982
2325,174,2404
170,141,3647
2364,82,7549
1933,352,274
3009,891,6063
360,388,183
2166,830,7754
1131,563,1346
451,262,5688
198,981,5712
298,820,4949
1162,253,7195
2909,109,2722
1448,322,2351
2927,736,6809
1157,353,2267
2758,662,1461
2049,593,6247
950,583,359
2231,40,8646
1043,166,654
234,528,1869
2431,471,2677
1699,343,5078
2137,772,2687
2224,288,6750
1438,858,8359
2056,340,7775
2436,409,457
2538,108,2482
20,157,2317
2675,313,290
2879,924,3693
1133,23,5671
1471,875,366
3106,220,165
3098,152,8448
2112,88,4745
2402,898,1706
2330,24,585
1841,276,2480
2712,410,3911
1192,847,4880
2485,938,3768
2904,754,4904
873,838,7926
1466,222,686
390,222,7903
405,512,3663
1186,270,4595
880,58,6045
2945,783,4054
976,218,7884
203,889,3681
3093,938,2333
2188,99,7745
2151,874,2939
893,491,5907
2905,65,8703
2917,995,7540
2677,567,3073
2230,275,5970
2381,190,5568
865,934,4055
2973,896,8405
1407,495,1369
251,834,2047
2667,557,3898
2227,348,4735
2034,240,1572
733,125,5900
1680,529,2466
3165,204,5970
440,606,6227
2660,999,5717
1549,346,4664
1882,236,3788
2507,861,5030
1055,159,6246
1698,483,3629
686,509,8158
2553,700,3488
2841,805,1497
2044,615,6129
1226,287,4010
220,148,4170
2559,459,3366
136,1,3838
3146,525,312
2432,438,4387
1536,829,3629
1949,342,8542
848,421,7371
2162,384,5540
1547,209,3319
2739,531,7536
2466,841,6118
2518,825,7042
2892,34,2299
1949,149,3995
2961,346,1823
1521,761,46
603,360,7151
1067,153,2570
1907,317,8312
99,515,297
35,55,86
1290,721,500
415,684,7506
478,25,1169
1406,352,8286
2939,792,4831
1158,392,6317
3089,342,7065
2201,169,5227
2680,333,4698
726,98,8054
158,875,2335
2093,911,7964
2327,280,5015
1177,514,1969
81,860,2220
2222,266,6796
1636,623,56
1070,612,4988
1294,782,7115
137,363,5659
259,838,8101
2635,712,1371
1543,293,3320
2647,978,8144
863,923,590
2381,11,6136
538,32,914
892,353,7712
1970,82,941
79,708,7778
1374,6,3211
630,800,7336
1757,197,5457
744,423,303
3010,811,4679
3112,51,6946
1996,628,7368
330,965,871
2496,46,2436
2449,647,4974
1883,809,119
472,395,803
1364,51,8262
932,493,4713
833,617,4834
892,77,8078
503,755,5631
1132,832,8483
483,77,6503
2672,595,5355
2987,226,3362
1817,510,4092
2955,628,789
222,495,1793
359,263,734
548,974,8272
995,172,4974
205,675,3079
2085,772,6492
3017,652,487
571,832,3741
2880,97,5052
2614,334,2753
1052,784,3388
1200,860,2344
763,205,5635
243,517,2641
783,937,5061
1556,567,995
27,647,552
1860,738,6096
171,161,7217
259,431,3952
2258,486,1768
185,737,4082
2114,371,682
2784,895,8499
781,811,6443
3165,63,293
2365,583,3157
1128,481,8157
2101,564,2894
1079,321,865
2824,761,6588
491,796,2875
343,17,422
1616,515,6244
1941,506,596
485,720,8426
112,244,4983
2173,96,7904
1393,854,6852
1273,669,2184
3134,389,1684
3087,796,2512
65,236,7036
1335,145,4261
1048,796,2681
1101,743,7878
905,53,7007
2610,473,3193
2746,255,2070
1882,753,145
1613,463,22
151,608,3549
127,873,7318
1570,806,865
795,785,808
1225,787,8442
1952,78,2383
3151,910,5143
1216,560,8578
2248,129,902
473,16,7519
2427,174,7075
1356,586,5533
2072,114,415
316,51,5691
341,185,2786
878,289,5078
1082,352,1991
91,876,7579
2951,506,6846
1182,235,4546
2808,899,1059
1961,672,24
2156,887,8578
2199,665,835
1861,574,4409
2362,877,1861
1835,232,5689
2410,821,387
282,244,4553
2595,888,7002
1459,544,6861
1159,455,515
1645,311,4884
1792,981,2365
2335,458,1916
415,611,6659
1106,489,6122
841,345,6637
1838,607,4174
1826,834,6842
2648,416,7527
2102,405,8668
2105,23,3825
1391,532,7288
195,230,4279
602,625,3247
1946,643,6612
1566,878,3156
882,847,528
1349,104,7109
771,950,5010
81,452,541
2234,907,1485
1407,374,6346
2631,359,4030
34,977,5844
1210,651,4646
715,125,4069
1174,426,2357
893,280,4435
2547,272,4834
2848,603,1393
2362,764,3797
2070,785,1305
622,825,3902
2769,566,3651
2739,997,2889
540,326,4880
926,884,8253
3178,874,7864
2188,300,8433
1014,481,1908
521,57,3224
1136,951,6603
2328,63,123
908,351,482
1331,15,7433
1486,489,3168
388,206,6591
1492,930,2627
2544,252,6284
268,543,6072
2762,967,6619
2709,175,6497
3141,528,2849
597,689,267
3151,383,6134
784,625,3832
83,945,456
65,36,931
1598,906,3870
1584,971,53
204,168,1735
2779,817,2409
3164,616,1136
482,472,1655
1740,59,6402
2707,403,1726
1442,433,7486
1308,880,7004
266,460,1231
2491,862,5605
1188,162,4027
2749,194,7171
1952,630,471
1568,31,5736
655,431,3429
892,605,932
35,879,6734
574,578,1134
2635,498,3460
433,477,832
2527,605,4055
1609,766,5927
1582,721,1546
1822,240,7531
2675,355,3813
548,679,3926
1051,581,7921
1740,514,6177
2117,100,6922
2501,889,7287
1369,485,3580
1112,524,6014
611,399,6513
1914,423,5503
2387,59,7223
2004,531,892
546,815,2790
2458,717,1486
2612,196,6479
1333,146,7317
1538,706,4030
2676,810,5687
601,311,2180
440,142,590
2039,713,4576
1792,862,3544
103,407,1351
1154,325,5361
2465,360,5206
1470,482,7267
2299,697,2719
1729,914,221
2514,132,5353
1721,245,107
1381,688,990
336,177,964
916,765,8808
2552,342,4032
2343,711,6853
2669,846,1410
68,622,3878
3091,775,4867
1216,975,6309
945,493,1397
1783,224,2886
1260,115,5518
2499,168,3592
632,559,8747
2746,477,4961
809,999,5319
137,476,2531
2918,299,6996
1153,34,4906
2257,58,2394
848,965,1762
3089,685,661
1749,160,1514
1050,514,5735
3062,717,281
2785,146,8264
1678,360,3516
1020,432,1632
916,149,8074
3089,495,7496
2606,743,1078
131,474,6403
1203,685,8693
1260,376,2513
2919,989,293
2152,638,3469
1469,807,2128
1721,802,2383
195,380,5932
2388,351,6049
2559,543,8118
401,371,1594
2780,239,6781
1512,7,7828
2649,949,7350
111,98,1818
1771,955,2387
1582,829,8463
2577,772,4389
2263,240,2794
2081,901,1501
1379,508,7331
149,693,7752
1081,30,8737
1523,199,385
1703,980,7968
1175,23,7945
2985,833,8564
1072,412,7479
572,383,6261
1916,675,3234
2725,187,3536
2689,453,5509
483,481,8620
2867,72,3238
128,327,67
356,922,3608
1339,499,4081
1336,481,6709
692,528,4636
2595,295,5824
1998,943,4251
420,562,6327
1737,983,7905
1934,585,3211
394,612,7966
2877,119,163
2318,511,2527
2513,314,2221
776,400,5980
2988,464,2186
2313,450,4680
2904,411,1316
1113,706,2514
940,996,2356
1996,677,4755
2184,996,1552
157,538,5794
1345,688,5445
3005,929,3883
3027,46,4413
2914,437,7000
48,841,228
1571,399,6865
979,510,5456
2142,38,7915
797,244,1017
2219,557,6105
1026,666,6631
1637,370,7982
2410,947,7344
2171,32,6561
2647,543,2232
1611,168,1965
2820,544,6157
1275,479,5920
954,743,4649
2087,65,555
275,135,4476
522,833,8683
1238,583,8253
905,999,7752
734,76,6155
842,157,7784
1718,141,6223
2712,747,2940
1305,260,2691
1142,70,4323
451,181,8416
1847,79,4214
1821,930,6377
1682,339,1716
344,690,2647
2358,677,4477
1950,542,7210
880,252,946
720,27,6934
954,460,4705
2270,259,4670
700,864,7245
1780,45,2183
2728,624,2694
929,361,6146
604,608,6678
1735,660,1578
957,365,3539
2990,494,8237
688,230,4439
1129,333,6914
1283,32,8387
1061,21,60
2912,429,8230
857,112,2202
2373,651,1262
2425,368,6863
1327,19,5038
188,35,5022
2343,552,885
3175,521,1056
1634,869,2368
2761,772,5868
1351,119,1377
1085,324,8303
140,134,3263
1429,431,2905
1844,400,8800
2558,293,8173
506,202,4318
1976,769,6923
3157,775,2861
2633,622,5670
2501,489,3411
2116,75,5100
3021,213,6787
2071,328,3204
3100,669,4040
164,77,6477
52,835,262
25,94,2734
983,952,2154
35,21,389
1094,802,450
3037,229,3108
1755,424,1026
1097,69,4322
558,935,734
1408,730,4034
2795,214,2285
2559,67,6142
3012,485,8388
1440,38,5140
1539,92,4608
502,919,4093
2487,239,1970
885,707,2234
1456,386,4652
1580,783,2621
2929,953,2184
641,804,804
297,642,2683
2620,764,4088
1237,181,4078
1391,37,5126
870,319,1066
2711,410,4885
1993,745,3905
2425,166,1890
1221,959,2093
1908,938,4139
1097,786,7051
2360,197,4088
2917,146,5014
2865,342,683
2132,702,3338
1894,801,410
504,101,7314
150,599,6888
1622,127,8353
756,49,5757
2640,711,4375
1832,284,8643
1828,552,299
2463,935,2865
2042,120,4162
1615,68,1076
663,57,1434
2271,53,6878
1636,250,2683
2346,581,1160
673,706,990
726,140,8693
3179,432,4711
1655,918,6701
2339,387,689
1084,363,5628
556,404,5417
2615,359,1180
2355,619,2519
2499,684,48
601,819,5579
2414,932,903
1572,8,5305
265,408,5312
885,595,3746
333,155,1083
3121,797,3630
1769,874,2740
61,911,6471
749,852,3663
1285,89,906
1092,521,6327
762,803,5341
1563,396,1738
251,232,4474
2559,37,1699
637,788,4847
289,495,440
2429,594,7452
43,159,4808
2381,63,8814
1393,790,5665
2014,496,6063
1131,690,8700
2767,945,7169
1418,872,3134
2059,687,5343
726,443,5097
960,627,1086
2667,921,3669
2961,363,4380
3069,511,8297
2932,750,2501
2113,616,700
3106,678,7049
1712,723,7300
770,793,5027
352,755,7267
1086,259,1563
2017,455,1629
3020,919,2610
2354,148,6854
2326,139,158
820,397,2674
2967,135,3355
247,528,4674
1078,214,1331
2939,186,4852
550,388,3772
3089,736,6389
2872,580,8679
881,109,5255
3089,577,1020
1475,426,3366
2620,318,3129
2149,812,6034
2045,944,3161
2316,105,886
2830,506,8500
2531,617,2500
1785,933,842
1729,275,4588
2266,259,8518
2276,846,3238
513,449,8573
2571,461,7765
109,354,6476
96,948,7623
379,557,6057
2672,297,6488
1403,451,6986
1575,515,4099
1283,594,5549
2711,136,642
1204,158,7579
859,235,5810
768,779,1964
169,227,2665
2702,36,1623
1989,833,5759
1897,200,446
1157,690,7121
408,497,8024
220,886,4639
1089,629,6182
3098,629,2183
555,980,2120
1801,417,4340
109,880,2236
2351,73,5423
1695,219,7912
1636,97,8126
94,63,5692
2202,35,1957
2077,995,4843
418,302,4866
2562,693,5412
2938,106,4711
1683,836,2509
2407,292,985
2652,470,2770
880,696,8093
1485,729,5702
1457,121,7372
2039,537,641
34,529,2671
1957,746,2041
1401,98,4302
2801,916,308
1393,905,4327
2506,464,3539
1065,82,6131
516,908,8551
716,730,6393
3069,705,5510
2646,58,7666
1345,241,6870
1537,864,8749
2289,464,3374
1743,93,8665
1905,742,3334
1484,971,2154
584,330,2421
1836,615,6734
1958,9,5912
176,280,8646
197,746,2413
632,590,2618
2093,82,8073
1188,562,3338
1726,246,7523
546,745,1888
3146,154,7322
22,970,1271
1751,223,1814
618,422,8170
2480,19,3742
244,542,2649
2487,460,3436
3044,764,4242
3141,383,4282
1557,441,212
1368,379,7857
2223,877,3515
2437,373,4018
1233,609,4602
129,399,7718
167,33,9
481,550,5259
2596,538,4043
2142,974,6583
44,437,4660
891,495,735
2101,583,4583
3104,684,1047
2792,523,7212
1664,529,4051
3090,67,6198
1614,712,5700
2820,398,3032
1314,497,3623
922,261,414
717,617,7208
1226,997,6051
228,568,5097
2715,187,8741
1649,61,8048
435,527,4389
2527,539,5271
2839,526,3017
1994,20,3531
561,134,2779
587,60,8491
2242,12,6783
1975,279,5650
145,847,8093
1419,564,8145
508,268,6730
652,978,3766
1943,973,6199
329,134,5535
2169,639,7324
432,58,1712
199,809,2625
2080,525,846
2744,634,7228
2416,564,7445
1663,715,3358
2183,61,4802
1795,924,2984
3160,779,2328
2082,847,2433
1182,440,4162
1646,67,7140
12,66,2300
516,37,3761
598,124,5867
938,365,4728
336,633,7031
2461,9,8015
2659,316,8437
1563,264,7311
94,898,1295
1709,933,4064
1407,873,7681
1581,206,6235
1779,347,7947
2030,989,277
487,219,7251
1015,828,4668
1817,838,2814
2593,121,6539
2276,444,50
2266,15,2517
841,17,4086
386,626,5590
1970,910,1305
2553,581,2070
1832,951,1355
2341,630,3168
1828,290,3173
715,218,6442
2639,288,6307
525,434,3863
2579,665,5889
1580,944,2712
957,433,1513
627,341,7762
953,656,618
448,472,660
332,654,3620
2131,633,6370
652,807,478
950,998,375
2138,48,5054
852,460,4569
755,92,3754
2350,171,6408
3104,287,4877
183,127,2786
598,109,3941
2289,242,8770
1269,435,6182
1514,188,1422
2852,594,4260
729,612,5593
2038,817,245
1636,565,463
58,957,6319
1887,64,8599
1363,867,1968
2293,229,7138
2797,381,2578
2994,978,5333
807,881,4981
2463,400,6719
1029,172,5858
1970,402,1908
1593,205,730
673,786,2968
2348,921,7505
136,254,4179
5,147,2924
581,947,7546
868,840,6756
261,266,8810
2457,354,6190
1739,350,5016
2335,582,2640
2728,486,2576
2090,648,4401
1236,665,4578
1480,326,5137
916,991,6925
2325,583,4250
261,962,5244
3009,867,1462
2015,92,5224
671,991,325
331,813,4282
2427,89,8824
1072,817,3620
2304,428,738
1989,93,726
2012,797,6448
2606,68,7755
396,87,7539
1352,998,4894
2359,865,1282
501,130,1323
2085,543,7953
2341,487,270
2442,45,2729
2377,888,2409
2341,190,3576
931,127,2627
991,122,245
1054,234,7583
1145,427,8395
1099,348,8430
1175,524,72
504,822,5512
407,375,8755
1205,151,3502
822,700,8050
1263,40,5970
1897,853,1945
240,10,3106
694,327,5189
3070,115,525
1192,236,7730
694,793,4048
2840,553,4879
2513,606,1678
2971,328,3213
511,79,5999
2058,30,4255
2992,346,1393
2208,818,1930
974,941,4984
1751,902,4856
209,186,1241
74,984,5136
2365,155,5597
493,425,8050
2110,393,2490
3149,452,6424
845,334,3242
350,944,6099
1127,577,1044
1769,106,5083
277,62,5632
376,691,7054
786,526,8085
490,557,3781
1587,589,7506
851,972,4636
2522,734,4452
2711,310,6413
229,84,591
2244,242,8232
2849,356,3904
1780,55,3199
1096,997,6746
834,796,445
2185,425,6556
2966,944,4276
1731,908,6463
2364,590,5365
1250,341,4872
1511,75,8233
1220,158,1679
2244,591,8121
74,307,142
662,62,990
318,494,400
1861,378,8093
2232,628,4351
2569,583,8107
483,971,5030
46,878,726
1396,791,7030
791,194,3927
3088,965,6298
1407,781,5926
622,388,6392
1738,987,4258
924,759,4398
3025,141,6813
3097,613,2183
807,654,3494
1946,452,2374
751,215,4091
529,626,2007
1649,654,2751
487,294,5302
1081,664,4500
2340,414,1806
1512,607,8356
956,679,2174
633,566,5646
1029,456,82
2738,34,1719
676,170,6136
369,715,1782
2205,660,2559
1416,572,6526
1135,575,2799
1907,945,957
2610,447,389
351,211,7582
855,797,2619
2407,376,8398
2399,33,2035
3174,95,7328
2593,113,615
1632,9,2566
716,480,7056
189,442,3663
2262,605,7329
2795,591,1097
1752,377,4361
338,448,5334
947,690,8166
898,853,4204
1879,967,6028
1894,180,1400
2412,218,3677
1036,682,629
712,146,198
3105,45,5712
566,744,588
2324,648,6855
3148,766,4971
2144,31,6947
1607,435,7193
1773,474,6395
2796,287,1983
321,830,8427
859,390,6410
254,154,7046
778,316,4986
608,517,2368
2322,434,1602
466,20,6129
2818,461,7126
1171,660,1398
2498,301,7992
1451,85,7250
2752,307,6258
931,965,109
160,777,8427
2391,387,2434
2873,154,473
1103,889,8744
2233,813,2399
936,686,8823
1697,87,3899
2591,512,6490
1423,827,5150
1049,296,7081
2621,410,4199
874,864,5327
864,192,825
1830,121,2691
2531,778,7302
2134,281,7561
88,723,6523
1411,959,7075
1509,513,5593
2882,425,5127
513,205,3011
819,595,8298
1985,353,2978
2993,32,5033
1313,262,4859
2269,402,6463
2650,965,8631
2030,460,8752
2874,518,7254
726,100,6580
1431,478,6650
819,683,3787
987,519,1078
2994,786,7917
849,485,7443
758,881,1130
2557,331,8015
328,956,8426
972,621,3884
2012,220,8006
2150,579,6886
1630,982,1336
2866,452,6332
2469,413,4269
22,43,5216
1970,364,2457
2671,482,126
3,567,7323
1443,116,3429
3099,941,853
2302,681,2019
241,606,233
1487,998,3456
2295,966,784
1201,682,2691
1254,430,1776
90,619,7124
1538,687,3461
1378,296,3553
1019,278,1923
1787,765,6890
1957,86,8032
3095,284,7508
2088,899,1044
1411,154,6509
496,78,1788
63,142,4192
2599,277,2824
512,425,6222
667,779,8363
1120,173,2811
281,909,3952
2610,247,6718
1276,990,6432
186,968,6596
2237,761,888
149,396,5722
1088,86,7371
485,146,398
1361,991,4932
2882,209,4915
1030,608,5680
488,370,2686
2475,677,962
694,285,6939
2815,645,2697
167,99,3197
2594,748,1434
518,917,3235
2276,108,2417
2909,684,292
2960,934,7493
2626,532,7993
2611,207,728
428,711,4797
3113,150,4296
419,177,3754
2757,473,2692
1843,754,6035
126,477,3816
1602,781,8661
3113,770,2370
1718,128,5954
629,751,3754
803,322,6516
646,176,5960
1962,963,7831
2000,745,7996
2754,810,2618
2779,584,1985
1726,544,7660
1854,475,7320
2623,48,5462
677,617,2101
3108,395,3607
1922,680,7744
1164,397,6162
485,452,3764
1862,889,2896
2488,304,4786
1213,498,3046
2086,29,3643
2159,476,747
858,521,3993
1817,74,343
2105,124,8527
3080,908,7243
1252,610,1169
2188,9,8392
2786,939,3489
2553,91,1684
619,394,6040
563,794,4490
890,698,3814
3025,615,4526
1317,610,4939
45,568,5908
2667,125,7041
1983,449,705
3051,731,703
162,227,3936
2061,110,2751
978,242,813
1948,492,448
3168,161,4764
1943,578,5757
2538,826,5098
184,43,2559
2255,687,3033
2101,68,7072
2836,512,7457
2471,72,4622
2355,713,6071
770,63,403
62,292,4759
486,376,2474
2237,469,6720
1006,181,927
3110,480,4582
571,9,8025
2250,594,1268
3149,725,2777
2327,727,8576
517,414,6001
1095,923,3411
1326,781,8760
1845,231,5961
2444,777,4901
2285,243,3110
648,51,3077
2919,805,7640
1247,967,6657
2080,756,3297
2282,381,6553
2673,808,6347
1788,772,7837
403,991,1900
2782,734,462
22,685,8491
438,856,1927
1638,408,3408
2345,459,5316
2385,519,8043
2721,890,3243
481,765,3057
2272,399,8528
1067,799,4557
2116,381,4632
2132,744,5785
686,712,1163
2166,425,5725
965,117,5623
1874,409,7597
46,822,8771
2312,488,6669
2672,854,4998
874,492,4883
2876,365,3799
309,999,3199
2288,103,6567
830,770,5991
731,64,3721
1156,2,2771
1514,394,159
2365,559,551
918,588,5896
1237,146,4272
880,293,6842
1913,216,7652
2131,45,3062
1275,827,4340
116,838,5703
287,831,4797
1318,754,2556
2435,114,82
2938,456,7596
1960,860,5941
1853,592,665
1263,71,3631
960,328,6505
1229,748,5381
2692,80,3186
1824,761,1961
119,884,2273
2415,51,5031
980,458,5227
1732,94,4498
2223,616,7213
406,138,8263
2345,203,792
1433,857,4648
428,675,5440
1349,487,820
2892,502,1900
1922,296,1695
1020,505,8676
1662,109,4139
1151,240,2648
914,83,5084
863,151,2920
2894,357,1384
2352,142,7039
2061,69,2493
1481,314,3714
533,208,679
1674,346,3837
2113,567,7868
2440,738,7194
490,591,3723
2191,160,127
316,70,55
1111,593,4664
2,473,3399
843,285,1921
2405,461,5517
658,101,1074
1083,478,3674
736,736,1179
58,321,518
906,790,2384
2384,479,1583
2780,350,5112
2880,539,2047
2469,939,49
1949,850,6512
1341,120,350
2312,804,30
967,375,5001
421,224,6398
919,129,5149
207,946,1171
1239,228,1654
729,134,4213
280,479,3317
2479,124,5009
180,344,3313
704,680,646
611,489,7370
3042,928,5280
1192,803,2044
2467,35,7996
1009,863,1095
537,665,2753
2005,63,8037
2527,810,3968
2503,824,2016
1735,289,3432
1565,591,6265
1476,482,5156
2805,792,5255
188,401,4917
1806,6,4949
2583,519,3064
606,247,1914
1421,528,5900
661,326,6613
1435,42,2621
3084,952,2914
1145,819,6258
3148,716,8447
1546,552,1478
1235,186,1409
2187,591,2647
1831,744,940
1898,274,6611
2596,448,3089
836,91,6454
2179,635,4140
2824,642,8756
3055,277,6948
98,721,8824
2292,527,5178
2325,834,421
2235,956,7058
742,614,4780
1718,81,8682
2285,88,6306
970,27,6356
1874,458,60
668,498,2377
2538,676,2675
2077,239,1938
154,135,7858
3094,337,703
2137,422,5478
3063,835,752
2784,200,6522
293,496,4108
984,798,5155
276,980,3781
3048,825,5446
3073,183,3318
1870,876,1507
3056,258,4531
109,139,656
1222,279,2479
2243,708,3469
2064,729,5748
21,657,1982
2072,944,2438
1112,334,4068
1552,647,6706
1242,735,3155
2831,300,5146
2781,313,8543
1728,981,6054
3045,684,1891
675,256,6855
322,733,6162
3181,38,8012
3024,607,647
1162,158,7265
2839,642,1100
2420,461,3584
108,749,6482
1720,894,7898
1703,116,7823
1677,15,6424
2064,174,4149
1868,614,4927
107,733,4852
1172,741,6157
2220,31,8502
1957,870,2803
1574,761,3043
2865,637,3474
26,85,803
149,950,7049
2030,134,2940
1041,994,3146
3049,176,6359
2629,618,2639
2417,992,5185
1834,927,5789
1812,185,982
1219,777,6887
2834,628,6177
1571,106,3164
2492,525,8732
2573,573,2478
246,775,414
394,647,4021
1662,231,7354
892,508,4697
3053,320,4354
369,498,7649
1336,621,2942
342,891,3462
2047,919,2905
231,521,4832
2593,101,8545
122,330,8698
2047,857,8509
2018,415,1915
2263,774,6488
2321,468,691
778,171,7266
1868,979,7753
536,441,1987
759,674,4684
2977,836,8586
198,51,3721
1936,158,808
2789,862,7238
1785,556,7469
606,746,4869
1764,518,1776
3179,340,4975
1213,421,8135
900,692,244
1094,763,2659
2870,453,485
332,29,8365
826,612,5583
2348,371,2827
2401,851,7019
363,436,24
472,326,2919
1677,435,1156
180,285,4834
38,749,8767
1407,937,4305
2328,636,7137
2273,239,1343
2408,833,5983
1679,474,5720
1642,212,5992
77,187,1608
185,623,1508
94,516,2246
1836,696,426
1116,818,2025
2888,44,5195
2739,344,3041
255,484,7484
2329,708,880
764,971,8100
1780,759,684
1622,52,788
3173,247,2196
628,231,1407
816,1,8356
197,383,1467
414,224,3436
2901,449,6900
2725,647,30
140,809,6651
1165,262,6078
805,404,190
2541,782,5310
1932,644,3922
1200,779,7094
311,379,355
154,622,3384
2570,598,6912
1737,183,7444
1998,779,428
2095,751,5301
559,938,6379
2020,40,8661
2382,724,5093
2382,200,8280
2706,63,921
1516,311,8028
1079,223,7514
49,115,7046
398,790,5470
313,663,7253
622,93,2779
416,158,6986
1674,488,4354
2198,965,6705
2930,748,3657
2306,610,1669
930,370,5206
2242,756,2082
1858,607,5609
3140,389,2884
2502,380,6755
951,130,3035
2712,582,8352
2746,619,6583
1875,615,8798
2738,895,1334
3054,936,8566
259,239,1908
2016,677,4600
1153,884,5066
404,887,2804
165,699,6232
1732,945,4668
1206,643,3833
62,210,8459
2336,109,5625
899,827,7981
2546,579,4380
514,721,5912
2422,86,7771
1519,968,684
999,940,8241
2216,311,7042
2729,576,3898
835,983,6022
1453,851,2466
71,645,960
975,35,1702
2011,138,3680
1948,526,4922
2587,183,3107
1736,399,3416
2034,994,597
674,473,8449
1734,477,3716
943,455,5128
2918,530,671
1949,261,4393
165,507,831
1258,793,2391
1862,646,5400
492,661,3985
2013,570,2697
1276,292,4826
1065,825,6103
1129,31,2233
640,94,2701
146,850,1595
2275,663,5488
1206,49,5281
2313,169,491
1774,641,1300
59,935,6111
2998,311,2755
2370,838,7692
1690,944,2330
74,29,2251
2821,589,5433
94,330,8445
2023,108,8782
3170,148,4131
2626,134,8823
218,380,2165
515,975,8262
103,627,1397
2106,80,4624
2689,528,4550
2942,937,7426
751,980,7061
1115,306,2476
2421,445,215
317,46,8792
3085,128,2732
2447,453,8218
1359,491,8759
2479,352,2085
81,994,7116
108,265,8451
1218,102,3238
2903,741,8319
843,443,8415
2980,147,5073
1204,902,7493
2789,279,3425
1824,378,2502
1984,275,3459
1688,704,372
2930,406,2650
269,878,8122
2135,775,8424
1832,424,4061
2358,544,4881
1896,290,1094
1976,869,1092
2056,448,6656
746,795,6242
109,454,6124
2907,789,7114
2046,131,508
172,857,5588
1950,567,2925
1132,938,3519
2386,573,162
1308,592,4315
1383,371,7443
611,425,87
1591,794,7984
191,207,2328
76,520,6696
1461,95,3526
2902,351,2958
1592,178,5945
2425,287,2123
1572,728,8417
758,816,4961
1728,635,4723
2664,5,8285
1085,697,6595
1018,723,647
2059,313,897
1378,604,1258
1653,354,3367
2508,806,6438
469,830,8282
1650,573,1914
509,567,4986
589,689,4190
2266,516,3722
675,83,5956
2256,89,2080
2904,888,7551
1953,241,1311
223,621,8723
607,968,2880
731,495,98
2188,223,4851
2336,713,4155
630,316,4266
328,980,4818
2183,924,2972
2045,836,3662
106,46,7271
638,166,2205
461,340,63
1825,554,7040
2422,233,6054
3173,508,4564
2329,391,2597
1325,371,6175
677,527,3579
1656,686,2407
475,169,5938
808,667,1078
426,443,1849
1027,845,8789
1804,478,8411
3101,636,3820
3129,693,1683
2622,733,1689
1734,452,7463
412,7,1744
2091,520,8240
29,789,8593
389,570,3363
1108,530,1755
1602,946,6495
257,978,6593
541,726,8032
1352,545,4352
1779,903,3460
94,444,5048
3069,765,1360
1760,874,927
729,629,5710
2945,718,1251
1110,581,3048
1177,928,6608
2307,613,8412
1022,509,5466
2016,834,7690
196,533,6794
2070,468,552
1749,814,4543
131,354,5153
1818,119,3172
2234,482,7257
537,884,6132
2392,513,3213
733,943,6399
1313,727,6605
1404,951,5034
1738,891,8294
1978,874,1498
2105,65,448
273,567,3063
544,292,4636
1803,959,6033
2054,865,4112
2106,722,7460
2989,406,7677
292,76,129
652,730,3863
85,394,8145
348,14,3016
4,698,2052
3169,747,7142
3169,788,4885
2785,207,6606
1796,295,8233
2099,810,68
1712,594,376
1107,493,990
2613,52,254
2452,40,8068
933,458,119
2824,488,3478
2523,602,2702
2656,418,3590
3110,742,2060
1853,408,4233
2226,565,7998
151,884,7513
855,202,1516
578,44,15
2837,492,5354
2383,608,5155
2997,737,4538
973,772,8489
577,333,2025
2704,464,6713
371,985,5984
2386,543,7473
2733,278,6260
1178,459,3180
1189,516,6680
3109,96,8642
52,991,7980
866,186,3164
2443,521,5220
2792,316,3927
1845,846,7268
1911,116,4271
2693,600,1801
1244,177,6462
989,152,2102
294,769,5941
776,763,16
1851,31,5984
1324,847,596
1995,406,5668
1930,754,5421
2265,667,405
2217,987,934
2432,983,6526
1174,671,5302
732,407,7097
473,639,3768
2324,319,2303
1944,513,2265
11,164,7024
996,641,8671
1724,859,6395
1723,388,5867
2378,727,5493
295,39,3356
2228,508,4023
769,259,1599
916,912,749
475,738,7117
2688,886,273
209,659,8334
2561,997,3785
1540,18,1748
479,544,1547
2499,142,4810
2847,421,2718
2607,674,7324
2294,401,5937
319,123,8008
2160,654,6234
1047,993,6594
1345,52,873
1877,545,1367
1432,484,8027
2165,434,2909
414,600,7854
1382,587,4624
2140,491,3548
2553,661,7558
2894,509,6651
2654,354,6908
179,198,857
980,470,4035
1663,844,2004
1742,846,4485
410,154,304
126,499,4295
3125,365,8004
1330,729,5316
1862,168,6226
543,616,4338
1153,815,5875
2315,441,4856
2622,578,8086
2603,902,3341
646,790,6315
192,890,1021
536,256,4655
2798,153,1367
1027,678,5270
2565,283,3992
1200,464,7593
531,574,258
1280,642,904
74,702,3197
1792,755,5118
764,456,3063
2414,97,8175
3040,750,8762
2113,256,3617
297,773,2807
2816,868,4102
483,12,6290
653,78,7858
1635,716,7778
333,10,8507
1031,31,6949
2411,865,532
249,848,7972
2097,86,3635
2737,80,2410
1649,512,7228
3069,320,5717
2337,472,7745
2752,192,5443
1952,942,287
1413,184,6636
598,471,8362
3115,342,7852
1158,343,1552
1800,700,942
2554,140,7452
780,602,3005
649,845,372
28,844,4756
2603,328,6923
2758,752,4001
1313,26,8195
1672,556,921
1131,560,6220
425,607,7290
2824,675,868
2912,904,1152
2602,325,2832
2067,216,6015
2861,404,8265
2725,323,7344
1729,909,7578
101,926,7471
583,596,8087
2900,636,6150
890,238,2822
471,496,7315
816,719,6886
2776,588,4970
2169,385,404
2257,332,6788
1622,161,4161
774,575,6678
494,508,6691
2239,50,317
3167,360,415
2199,467,3581
1502,423,7424
312,937,6417
2702,56,2673
2839,147,2524
1748,569,195
2943,648,5173
1474,47,1546
1578,393,7998
1047,538,4296
2531,446,8540
864,117,8722
453,444,7532
2902,708,4253
1336,231,5121
204,159,2728
2860,259,6397
3177,47,1253
2032,629,5126
1982,613,8379
2823,961,1503
280,123,1285
3119,752,151
2306,176,3188
1850,210,4196
1615,996,4260
601,66,7140
556,721,7133
1884,832,7816
2404,737,2349
2664,779,6197
2487,16,5208
830,211,160
1448,419,7954
855,76,1223
2909,307,411
1952,552,4271
1914,968,4322
855,95,5097
355,446,5454
243,313,5739
3157,55,3877
2111,993,1607
1599,802,6397
2444,64,6531
701,312,1834
1173,788,5855
3092,883,6973
1257,759,2818
411,869,4609
298,933,4097
655,604,2218
1279,33,6737
989,963,2911
2822,21,6480
20,530,3021
465,822,3251
2771,737,6449
834,28,2805
897,437,6228
1530,785,8785
1325,720,4175
2074,790,6611
3042,769,324
848,675,1400
823,689,4256
1650,492,2791
1330,824,2396
1848,135,3
2095,581,3584
64,98,71
187,155,7058
2953,737,2322
2431,332,4684
1460,384,4317
2088,46,5224
1540,927,3022
1144,426,7168
15,940,4475
970,577,1416
1700,460,7062
727,493,949
2460,345,4675
3095,95,311
1554,250,8759
2146,137,8178
2327,732,5675
2010,380,2487
1930,946,7667
2759,849,8217
923,707,495
1131,67,6885
903,891,3830
1278,379,4212
1685,835,5987
3121,182,4071
1672,18,4239
2730,271,3643
929,403,2864
1424,217,1733
3040,933,6446
2044,578,5038
2015,453,2647
841,771,2947
302,4,2397
530,508,6108
2424,768,5093
215,345,5436
2109,321,4399
2239,854,6059
1921,961,7834
679,650,6706
839,626,7359
1349,3,1062
1327,314,4260
2675,467,4916
2715,194,3246
70,648,6464
480,711,6370
2939,662,5163
2394,799,6076
2549,791,7231
1635,989,3650
3123,839,4307
2637,328,2343
1854,669,3155
215,919,1051
1457,746,7291
1185,296,1446
1142,253,6257
322,335,4721
481,885,3058
754,929,1312
2378,521,5605
2920,696,6813
266,694,2318
3149,973,6156
2369,716,5453
2661,739,6994
2095,15,3416
984,287,2109
793,710,3793
1450,609,4973
2657,312,5280
1224,386,5429
1062,692,263
1133,121,7492
2195,824,5191
1686,366,8033
55,553,1789
1274,228,5619
2898,931,8292
305,997,6782
2648,320,7014
1081,541,3428
536,180,1618
12,517,7664
2101,859,4985
2612,249,8486
1223,162,3526
1530,110,5187
1358,207,3539
2212,533,2890
1673,901,7447
1909,100,7894
176,13,8191
1604,303,582
2915,335,5665
920,575,4760
2599,968,2233
2519,575,7456
569,974,32
574,162,547
404,332,1821
158,335,8723
2632,452,2
2224,564,5351
2605,490,4615
2937,389,3137
1502,580,8331
2603,398,6307
327,483,2858
385,393,3476
2744,741,6671
1689,809,2249
2467,285,691
1472,525,3716
2012,655,1005
2973,462,6912
2138,970,5745
1027,136,2406
702,338,998
2353,881,7114
834,626,229
836,877,3268
279,572,2978
1224,150,7774
2065,24,2755
1591,682,131
1635,484,2228
756,587,5783
1377,282,5705
1167,329,3039
638,964,7690
2874,918,5080
2726,417,7667
2541,1,1601
1146,550,5451
1304,450,4855
1420,863,2019
3080,418,6212
3118,299,6771
3051,948,1753
2347,802,1518
209,976,6925
173,195,481
2389,888,2333
922,561,7556
2708,187,6734
2987,855,6888
503,891,7442
2619,884,5304
3106,796,5355
918,388,7842
2004,401,7835
2655,828,8409
1592,67,6000
2979,888,6099
3157,313,6056
1955,683,8556
241,511,5227
1641,154,6505
637,309,4314
60,890,7476
2821,508,2757
1447,655,5325
1138,460,5908
1376,775,1231
1802,971,7893
2233,162,1249
22,2,2526
1357,451,8647
1161,566,116
581,10,965
1401,927,8003
1481,652,5943
1600,129,3675
1537,93,5310
1563,664,510
699,965,1855
2836,960,4816
977,11,5262
1908,618,8061
1648,488,5360
2939,372,7746
2948,510,3503
1354,922,2700
164,578,8538
2619,829,267
3128,587,1379
2415,719,554
637,87,7394
1027,260,3117
193,775,6594
1817,453,7004
2017,756,5056
2013,907,4138
752,504,1009
174,857,7655
2750,280,2069
1795,444,7854
1398,25,3974
2911,257,129
1912,254,5287
2241,795,2570
1266,990,830
1195,302,4279
760,388,5683
462,475,1374
2970,244,4883
2807,64,6231
1027,784,7860
987,602,6884
1373,992,3408
2620,548,6713
2834,244,3626
225,632,3860
1707,215,8110
2901,897,5086
3058,718,2246
498,568,3813
486,686,3049
3054,447,2075
726,389,7533
1980,783,3248
544,496,2007
722,165,5920
1554,445,1935
1935,301,2827
749,763,6858
3115,205,6098
1172,450,8245
352,781,2661
1842,636,6900
299,751,1042
2434,415,8320
1024,180,4590
557,778,7636
68,788,6932
1520,612,1797
1643,290,8158
1008,288,4315
15,155,4250
2813,828,4479
1223,419,3068
1497,517,855
1610,150,1884
1078,230,7926
2529,116,7957
2645,850,729
2249,504,8198
595,484,2669
9,860,6221
793,542,6742
2684,187,3442
102,860,4825
1047,664,7907
1654,770,3040
789,95,6042
668,872,5734
1061,303,7536
888,553,8534
173,662,5029
2777,998,8429
2687,289,3195
272,174,2057
2642,705,524
2792,731,6728
583,546,5084
883,836,6415
2180,264,1518
2631,90,3808
382,104,1914
3010,763,5762
1657,684,3153
2133,164,2586
864,916,3172
865,145,5210
1479,162,1126
1350,314,6750
2739,345,2121
3119,250,2902
2756,17,5864
2559,834,1876
2437,157,1207
2071,176,5673
181,522,1069
1121,925,8587
1041,742,8377
666,104,2027
1766,860,2884
1665,220,5166
1062,547,8611
43,218,5951
619,571,6836
3118,391,3719
1600,847,299
1927,320,6399
2234,643,6679
100,202,5620
2018,44,237
2306,219,4159
2471,520,3727
1637,502,864
2308,31,7912
2796,248,4487
278,669,3171
135,282,1263
1534,306,4984
1040,241,3004
139,638,3934
937,367,8540
237,815,1554
505,643,2397
179,989,919
3114,546,6620
786,78,5821
1796,495,7257
2994,151,1937
2601,20,6789
850,453,7490
303,825,3426
2904,807,2328
436,346,6907
193,972,2968
1962,174,4515
2678,752,8142
1041,309,4320
1625,825,5734
2453,566,8716
3143,68,8604
3088,71,6336
586,840,2842
902,194,7995
1252,866,3048
829,209,654
2845,362,2476
1964,930,3665
1615,45,138
3102,294,6680
2974,692,4133
1382,280,323
2933,359,6449
2650,845,2009
2205,236,8618
313,636,5075
2837,141,327
1797,528,7308
2197,584,6621
1968,54,6651
2829,835,636
1105,612,5162
522,250,6238
1309,69,8413
3080,796,256
807,413,1476
2010,944,511
1391,837,2312
1232,908,1623
2648,678,299
65,827,3491
3087,216,6305
1020,739,1803
461,322,1466
2873,925,8332
1093,219,5867
709,501,4695
492,748,5569
2208,238,3776
3044,864,1666
3167,610,25
118,743,2215
719,872,7078
156,448,191
1692,320,4441
210,354,7431
778,366,6965
2275,336,2800
463,253,3107
159,348,4380
2318,898,7237
2544,214,2577
2819,219,2496
546,253,4891
680,617,6792
806,994,5865
3012,958,7537
3102,497,1180
588,840,3812
281,483,3269
611,285,8738
3157,423,3818
2424,624,4323
2328,189,5877
1738,835,7192
2123,283,2440
2128,732,4337
1973,182,4701
2700,854,4115
2687,884,1062
685,934,7186
1079,205,4162
1995,575,4201
235,957,1964
1215,257,4589
73,769,2299
1437,898,6750
2361,1000,4221
33,358,761
3088,268,990
631,430,7406
1521,300,883
1903,813,1471
2882,498,8752
2016,540,4375
1724,364,5889
248,316,7057
2713,64,6047
1980,179,2131
552,844,8370
2062,928,4286
15,432,8412
2885,400,7034
2346,483,5024
2007,972,202
879,255,7799
812,679,3210
2486,85,1248
878,423,6769
2051,906,4650
55,470,1356
520,211,3893
1117,569,5778
1765,318,4812
1355,85,5846
1417,215,3939
2394,505,5360
212,218,278
274,750,7182
1561,899,3326
2081,429,4344
955,685,6201
3031,193,1454
168,567,2533
2967,184,1799
1669,957,7459
557,341,7736
1150,648,5827
259,360,3420
3173,637,625
2967,114,5201
1553,91,1629
503,15,4577
1360,132,4387
1414,134,6940
2715,907,4872
3180,11,5777
338,912,1478
2903,120,5426
677,221,3903
1175,478,3599
3068,673,1082
2183,234,6078
690,641,486
2005,631,467
1900,160,3552
1491,98,5308
220,101,8532
178,401,1885
948,373,8168
1672,301,8711
2073,704,8515
2481,525,8280
1259,332,6966
1488,406,4141
1320,712,4623
3043,579,139
2100,401,5257
479,219,5627
428,634,712
818,662,2459
3152,824,3082
916,9,8708
3023,615,5190
50,559,3647
2770,225,6336
185,462,7857
1733,204,755
140,235,2107
976,743,1310
661,968,6279
2229,839,2937
213,288,109
1025,318,233
2938,268,7009
1683,383,3474
2420,662,5084
2283,87,8802
576,194,1810
2261,885,8674
25,318,2396
2214,628,3531
2520,979,6925
2500,934,2531
1339,221,461
1424,501,3652
1685,405,5290
558,306,2308
1599,272,7548
535,85,7284
2609,76,8624
1078,29,5984
84,856,8178
3160,326,6508
2839,800,5059
2160,972,3814
420,381,5875
2674,177,6064
2072,661,8810
3102,331,3982
1656,271,922
226,709,692
2692,106,7606
2459,7,5645
2692,931,7432
2075,518,7434
1143,847,3445
1552,855,3247
1314,742,5726
272,620,3827
2686,404,8335
2364,53,7395
2335,40,2300
1551,196,2193
717,588,5142
2907,288,3961
890,801,5067
2237,851,829
2751,3,1710
190,948,2185
3103,428,3898
2775,560,1459
2516,353,7847
2066,461,5549
324,870,190
1590,115,4270
3005,753,8664
1557,453,3856
76,667,7453
805,48,1700
919,679,6407
1722,532,7968
425,373,913
1366,787,1410
2218,937,1908
1205,165,8083
3067,580,2080
1199,300,8141
1885,912,5568
73,639,629
1758,131,3871
1534,677,8291
1627,255,5379
2151,439,6730
1844,751,5122
1375,777,2600
1769,734,8372
2400,281,3029
277,464,2516
1605,678,3349
1696,952,6010
712,850,3608
964,808,853
2282,642,3836
2914,614,1715
668,97,7956
2614,398,3728
131,909,4270
112,515,153
1448,398,4244
1953,639,4383
438,808,8057
2966,508,6835
2307,103,4360
985,443,5983
824,800,6838
2267,319,1280
1192,846,5927
1835,439,2672
1645,891,1954
1933,551,1286
2906,992,6980
2477,533,6353
156,386,5000
1506,207,6959
1109,992,42
349,527,6231
900,402,1245
2113,275,3259
1880,137,5024
699,579,6056
2331,749,507
1033,425,3446
2069,304,3709
354,281,2969
808,77,3844
1185,482,4393
2673,404,8808
822,777,1541
1876,885,8051
3134,887,7252
1099,698,3449
1883,612,774
697,507,5853
2300,943,6550
2562,21,7716
181,116,472
2408,10,3918
2469,589,5070
3126,291,4763
1191,959,8129
835,776,864
1822,614,4418
1125,711,2438
1035,470,8415
176,473,8797
2122,624,1428
1715,23,4328
2609,344,931
1253,419,7643
678,237,3754
26,795,2901
1284,208,73
2622,800,585
2285,526,1340
2822,17,4085
2312,57,5265
2129,190,7387
240,649,1658
1834,793,6783
2039,119,2578
2835,664,6352
48,840,1503
3135,32,7758
367,658,5441
2100,433,1691
1131,729,6488
1996,969,6014
2405,484,6381
2399,671,7613
1557,118,4992
133,515,3312
1773,230,5901
1260,341,3407
1465,448,1524
1132,659,5853
1208,286,1264
1801,490,326
2607,135,551
3120,728,8706
1852,238,699
1038,287,7240
743,174,5574
1132,102,6347
263,195,2733
2372,105,3930
2717,574,3831
943,283,6491
3113,951,3940
1756,274,4562
2788,794,942
2970,337,4011
1934,924,2756
1689,37,7243
856,200,513
174,423,5499
965,881,108
1280,359,634
627,616,1786
145,885,7049
2236,431,636
3174,870,77
2455,393,4107
2149,359,8518
1057,559,2581
2748,971,836
1004,170,7163
2936,946,5081
1976,883,1258
893,47,3071
1108,810,1944
2796,290,5550
1006,445,5522
3011,987,5056
389,771,4905
2148,666,4995
2568,501,7110
2072,57,7237
2024,368,3652
353,385,8114
3165,364,3418
278,576,72
2201,769,2377
3091,532,8494
2332,796,2786
361,400,3061
1966,104,5481
127,147,5749
1263,484,10
2403,209,1149
2357,888,8075
892,640,3029
1331,561,7017
2353,906,3500
2734,552,8218
1398,151,146
2541,730,5021
1000,33,4686
2129,432,3335
871,196,990
1379,980,2392
801,677,6902
2064,152,8315
137,893,7105
2847,23,2002
2848,150,6495
2216,18,2777
350,535,3747
1300,670,5293
1851,682,7628
1462,105,4969
476,603,30
1090,276,4419
1243,644,1091
379,296,3816
3084,602,7192
2504,152,2333
877,628,585
998,849,544
1356,512,8423
2469,14,3823
1649,884,2176
1214,196,3624
686,968,5459
565,379,5388
2216,21,1679
2937,585,5135
1166,104,6219
2695,302,2087
2418,915,3493
449,775,4342
965,636,8708
40,33,7727
393,974,7984
2956,662,7055
770,949,1383
3102,205,4477
40,302,2880
2727,293,3476
1180,371,6437
2719,489,1768
2892,98,6937
3081,645,5577
2494,430,3485
989,869,5771
33,934,357
210,277,61
2357,848,8474
673,369,8256
109,930,3090
732,747,7388
2066,71,6515
376,316,7747
1091,157,2544
2792,738,2823
313,942,5518
1570,447,2393
936,379,6426
659,44,2416
1794,235,3978
1285,177,2020
2139,137,4646
422,795,2993
765,25,377
2484,774,2850
519,568,518
1138,42,5592
193,664,7308
1851,829,2918
107,316,6092
3018,985,6589
2953,140,2859
2312,793,8272
1734,811,2626
2882,543,8812
1133,157,5058
2748,598,1987
178,919,2710
1891,488,3827
2971,216,6123
2362,889,4181
2740,88,7157
2702,301,3704
789,787,7862
2051,501,416
2028,678,3863
1701,907,1808
273,916,4220
2829,219,1576
63,117,6327
1386,132,1660
722,520,8773
2339,285,1743
2825,66,3511
1455,850,6276
1354,409,7531
2093,1,8690
1982,764,3279
2243,825,6563
2199,864,8048
1417,621,7163
2330,676,1410
2432,451,4337
546,473,4622
2080,878,5287
2004,353,1928
224,140,5025
335,518,8678
2037,74,1982
1806,128,4448
2213,138,519
713,942,828
1629,523,3739
2336,57,5281
1202,620,6027
137,394,3238
2326,568,6509
2990,500,3874
1055,867,8159
478,451,1584
1288,573,4106
2757,569,7578
2522,479,8289
2384,137,6283
2797,563,4661
2907,261,4037
818,732,7231
1573,257,6524
2333,13,445
2033,790,3019
2644,514,4263
2923,1000,6394
2884,1,7073
1143,710,3792
3075,45,5132
1192,150,1016
1594,542,3173
1643,884,2209
671,263,4837
3122,108,7088
108,164,3180
2766,98,2557
994,687,3289
115,667,7191
702,498,5278
2723,539,7861
2475,655,1232
2413,683,6066
693,472,2325
2234,925,4432
631,686,6586
2327,956,6242
2926,983,1219
2826,326,8830
1587,4,8416
134,168,472
893,638,8590
2038,906,922
930,850,4427
1600,333,889
1476,581,4351
636,854,7867
1642,800,3034
1794,659,4516
450,41,3903
1078,888,4224
2652,982,5320
2869,558,3478
67,513,3151
2745,497,2680
2343,867,2264
91,483,1156
409,683,2313
2838,469,5091
3065,230,488
1012,577,1831
1540,624,8624
1503,357,4883
1763,404,489
2028,341,1564
853,821,2790
1329,733,8181
44,38,1681
2418,115,4266
3065,870,4252
1340,623,5628
898,138,5309
2367,763,1105
2898,203,5333
946,213,6881
337,950,926
1677,554,1276
134,409,8808
2322,548,7772
1728,991,4800
3180,261,828
603,289,5588
355,2,3170
2615,414,3716
21,971,5383
1422,823,2005
2268,572,6856
2580,630,5388
1280,327,4290
344,402,4768
169,681,177
3144,839,6018
1855,141,2298
680,12,3994
1662,603,7022
2899,143,3124
2811,182,2057
267,404,255
905,205,6274
1453,63,2892
194,804,8756
1240,247,6835
3080,353,8454
2558,526,8059
114,826,5674
999,236,8465
2089,309,715
498,676,5123
262,45,659
2599,388,2670
1455,791,6204
1865,2,8682
769,820,6062
506,433,3109
2066,521,4576
2778,547,1963
257,79,3086
450,806,2435
546,599,5157
2909,140,3965
494,46,1304
2389,590,4821
1164,96,8641
300,860,4548
140,92,1477
198,747,3847
2659,149,7272
1687,972,2390
1372,737,7331
1275,310,3078
3080,553,8375
2032,146,2304
1258,873,5919
1424,380,1046
573,364,140
1612,901,4257
2688,751,2297
2982,588,2809
980,381,1872
1602,633,750
36,69,3023
407,539,6975
734,492,5589
1218,693,3525
723,879,2515
1751,758,1831
132,711,5883
169,103,6719
2614,114,4873
1058,526,4423
1169,625,174
2036,358,3836
208,200,4655
1692,726,5122
2177,704,7463
1075,224,7061
129,869,6592
1858,253,8383
3074,19,6681
3150,708,6631
3110,555,4825
418,281,4576
2069,205,7699
2019,752,6058
3104,889,7105
1762,937,8280
434,841,237
962,643,3326
1438,933,1688
1812,381,7398
919,875,8825
2564,864,7578
1154,288,3090
3137,110,8041
3088,387,2677
36,892,1857
364,254,6339
1317,480,6391
2384,179,1443
1150,831,6647
966,753,16
1182,424,7633
2539,184,2512
2658,134,1983
1039,149,941
1275,206,121
2082,535,8044
2113,764,2976
2650,257,2817
751,810,5896
1169,322,4846
3166,626,2823
2519,518,4015
1891,384,7499
2112,167,515
1391,521,5712
175,157,6311
1419,324,410
121,555,475
1335,839,2852
235,171,5055
2539,814,365
1070,919,2774
1315,941,5832
2901,935,2289
1457,719,5217
45,175,1220
1777,4,5399
284,394,8452
2038,787,6295
3181,577,7257
2560,96,6702
2118,565,1961
2026,482,796
1651,881,8129
2107,758,2846
2909,492,5497
705,527,3725
971,443,2933
2091,506,2300
1353,21,4589
714,989,2306
2714,886,4192
616,593,2930
1245,603,5755
1870,956,7297
293,41,4012
2673,804,4961
869,307,3982
1219,200,237
218,488,1120
1975,1000,6277
417,910,6779
1888,838,5980
833,834,6284
1581,84,5740
1329,659,6062
2438,601,4361
3150,334,2046
1596,167,7696
1592,554,4119
523,482,8563
1491,781,3691
2062,61,4639
2825,44,6324
48,255,4508
241,551,922
2100,299,1714
320,287,7431
804,532,806
1766,686,6364
2748,549,1180
2588,246,2909
2980,813,1130
1195,940,701
2878,998,356
332,503,3314
2841,950,769
249,479,1078
303,226,751
2347,889,4118
2449,995,7576
2265,48,5830
535,619,7937
1353,699,8539
1257,815,4251
529,674,7863
1942,109,159
1164,76,3923
861,36,5143
1590,352,1189
342,828,2499
2999,402,3826
2608,257,1210
1084,400,6860
1138,721,4046
1935,150,8493
577,462,3028
431,721,7406
2466,171,411
2705,48,4578
1613,224,2700
1098,958,2332
1536,605,7801
2592,518,3875
2796,432,5188
824,88,2296
1424,724,6961
3152,858,4607
3180,127,819
968,3,5514
2911,280,3710
1754,208,7288
2841,956,4195
2898,139,2786
194,135,2706
2643,452,6993
359,25,2603
1309,468,1719
