8081,14085
1267,9855
7224,13972
6010,17035
2086,9627
6754,9212
3900,17610
2218,12273
1829,15079
3644,15047
2116,15963
6512,14371
7375,10479
284,14361
8145,12952
4778,13308
4642,11663
7115,14778
561,12596
4550,11266
6229,9773
3377,12559
6960,14947
6422,16764
39,10298
5345,15262
455,11413
2910,9513
7132,12592
6152,10076
4445,9399
844,11178
7070,17425
4803,11914
5448,16477
6990,13711
2437,12591
6415,12997
297,9627
7228,9226
7998,11891
3915,12796
5780,14065
3742,10356
2364,13263
677,9787
243,11086
3943,9709
2295,13207
6962,9063
4031,9615
6053,10046
3618,16075
5758,14743
3746,16396
5207,11541
7899,17375
7732,9159
8021,16386
1661,13805
4785,15579
8082,10692
3734,17438
8116,13961
8654,13078
5204,16188
6599,17413
4607,13609
7534,16079
4797,16864
1712,15769
8700,16014
6358,9611
2031,9689
912,14294
6137,15504
3297,13142
3130,16996
6849,9221
2502,13021
3654,9713
507,14388
5934,9447
3001,14261
5033,16698
111,13102
409,15303
7329,11695
6046,16157
584,13864
3082,10912
2213,13929
5327,16813
1226,12081
6416,10603
4618,10460
4055,11910
6062,12791
7196,11315
5940,11651
4424,15832
6421,17619
4369,8901
6602,10961
3380,9192
1909,15446
6633,10328
7293,10143
7972,17064
3378,10998
8050,14330
3186,12329
4098,11570
998,13266
1850,13543
3133,12459
823,12071
3187,17736
3241,15230
6648,13639
3145,11657
3576,9200
5566,16172
1594,12025
1634,11525
2186,9188
2642,14896
7285,9739
5663,14351
8337,9962
6566,17469
1159,16050
7342,12585
7874,11380
1050,11663
7214,16586
8221,11368
3030,17501
157,9301
1468,13489
3200,14222
7277,15719
4196,9501
7251,11432
4863,16238
5293,11180
2977,14769
855,12862
7623,10122
3656,11835
3162,13420
7577,14092
8084,10997
7536,9357
533,10460
2438,9945
2701,12374
88,10418
1669,12238
3144,15747
185,8976
8284,11416
1923,13893
967,11115
6712,10783
1241,15626
3551,16683
8809,17723
1729,10938
8747,14836
5543,12633
1140,10732
1087,10410
8600,17821
3809,10248
1308,12753
4522,16780
7061,14901
1541,14232
2688,14358
3464,15046
1819,17432
3652,10224
2780,17782
1929,9666
1884,14009
1579,17591
5892,15438
8408,13212
4329,17930
3070,15570
4513,10791
1637,15318
8805,17924
5186,11881
4371,9538
3490,13990
8154,10524
4356,16437
671,9448
2913,17647
962,10356
241,11140
8253,8912
636,9156
7155,10391
6965,13104
8372,16652
8610,16178
8689,13262
1685,15489
5286,15331
5365,8933
4116,17942
5613,9356
1954,14371
1318,15828
1191,17908
6306,14055
6393,12730
326,15298
2371,9311
1886,13254
59,15705
4341,14626
3940,13179
7595,14522
648,13474
2394,11702
5528,15353
6400,9284
8755,11692
3101,13579
8138,16719
2656,14185
5338,14733
5091,14281
3517,17586
1317,15325
7880,15407
4883,16585
1085,13225
5222,14785
1407,12308
2049,14697
777,14303
7111,16607
439,10167
4490,16380
6361,17521
1463,8924
2388,11490
8289,15184
642,13202
6433,15113
4705,14615
4355,12765
231,8916
68,12356
8350,11763
1441,17955
8122,12669
2582,13150
6986,10563
8166,9992
3574,13661
2485,12591
2409,9742
7261,9749
3922,9414
4734,14910
1701,15912
416,13562
6286,14944
8824,12835
2549,13871
3105,9823
6563,9569
4020,14448
7531,16306
8506,11985
3307,16852
8681,10772
5949,12407
3868,11984
1395,11103
5297,13681
2696,17542
7538,14398
3033,12547
5866,14636
2609,17430
4180,14203
6824,13949
2291,13959
6761,17438
8635,8901
181,13262
7000,10370
3075,12531
3833,9864
7673,10415
5300,12282
1917,13051
2098,15108
7085,14386
2381,12349
5608,10404
6626,13905
1864,17469
4731,13184
1276,12660
3703,11286
1313,13787
804,14343
3855,13368
4078,9738
8324,13834
7900,10250
7702,14942
1572,15405
5573,17962
1394,15379
4379,14998
2330,13008
5102,17571
1093,10411
8054,11699
478,10953
453,17399
3015,14333
8706,11936
3106,14385
8648,15565
3668,12381
8019,9795
6282,14768
7105,13247
1254,15625
7222,17566
755,11854
6428,10402
609,10805
4998,16499
7750,14432
740,9121
73,9222
6506,14639
8092,9566
3372,12697
5502,10010
6654,15588
6017,17731
2729,8847
1311,14005
4620,13869
4206,17261
3567,12864
1603,15225
6584,15849
7134,13340
6412,15095
1370,9645
3020,8822
5625,8966
7081,9863
8598,11223
2103,17459
8128,15083
763,9374
8737,12280
4167,10200
2011,17450
3681,16202
130,16247
3714,9565
3156,12117
2837,17239
2070,10478
6783,17758
4073,10233
7242,9317
8382,16394
6119,9541
6366,17594
5519,17550
1900,10895
8002,11029
5686,17012
7229,13203
8395,12402
7768,12197
4925,13531
1912,11816
7747,9277
1144,11923
3530,11997
6917,9923
5144,16372
3877,17366
5688,16228
4649,9556
5863,11128
6621,16130
6606,13246
5691,16426
5349,13260
8287,15914
2759,17133
7422,12510
6806,14572
6604,10911
1233,13567
1326,15482
6997,15665
138,14559
8713,10625
7213,13279
7377,13414
4770,13309
8041,15988
2106,11951
8772,12707
2981,10203
5870,17231
6463,9086
1578,11123
4469,11016
6833,14513
7881,12564
7543,12363
202,14256
8254,12473
1127,9578
1410,11024
2187,11536
6384,13984
1270,12146
1015,12496
1675,14501
2082,13939
7648,15204
4496,15290
7423,10416
4090,9936
1596,14106
8608,11131
475,14365
1108,13298
1633,12529
3754,9333
8179,12779
2936,13808
1643,13907
1918,9228
821,15234
7355,17101
7205,15608
971,17849
5511,15741
8124,12312
34,17601
8708,17270
5252,15022
4266,16951
4281,13368
6403,17113
4334,12585
5154,13066
4074,13090
8463,14645
1642,15278
8415,16469
3236,15357
6887,15534
385,14748
6388,16310
339,16778
3429,10699
4623,12721
6188,11237
6876,13372
2524,12669
90,17308
4958,17063
2492,17098
1950,14660
1152,11744
779,13630
6003,17069
8549,14997
6377,16730
2348,9889
156,16553
6882,8998
174,12802
881,8831
3330,11231
4447,12792
3688,16178
3332,14147
4755,16776
3138,17787
5110,16261
403,12517
1262,9578
5249,13295
7682,14413
8181,17422
1733,11167
7590,12634
7436,13493
2822,11879
4928,16991
4505,9075
2074,11561
1081,9362
2247,15289
4028,14187
699,9651
1828,14155
160,15101
148,16542
6810,14002
3989,9786
2942,11863
938,13538
7758,10479
298,16022
5741,17775
3057,15876
2185,13962
610,11217
1809,12977
2061,9893
282,14887
1663,17274
1856,11169
8412,9487
8664,13457
321,10828
5735,15628
7259,16521
647,15944
4087,9155
6748,17191
2861,10017
5115,10507
1435,11371
5038,17214
2952,17303
8622,14912
1282,12280
8765,14453
8661,17888
2129,12057
7279,9039
7413,11786
177,17451
6690,11160
2826,13802
2282,14508
5267,13146
7778,11045
3160,11341
3607,17688
2722,9328
8293,11673
6381,12448
2264,11287
2350,14770
3125,11133
4819,12623
7260,9925
6211,9203
2810,12534
5368,16195
3923,12926
2177,11505
650,9839
8385,12450
6750,14816
4492,15613
131,17604
2052,15530
8825,10521
8086,14289
4683,10586
2334,16027
5412,11295
7400,9563
2478,15560
6871,10657
810,14302
872,10104
4333,12641
4625,15684
7182,16779
2010,9123
5534,15067
5599,17336
7207,10894
3806,15455
6578,17055
1568,15376
3732,10429
325,11630
563,12192
6580,16597
1020,16511
5361,17007
4578,10268
80,12068
7629,12960
7424,12641
5809,14175
8328,10051
5314,16075
399,15370
3535,9438
3796,11681
3408,11233
5827,12167
546,10346
5723,13198
893,12516
2482,15049
3708,14318
8692,15968
783,16321
1257,13927
1700,15600
8244,11804
7999,13536
4985,14732
6720,12192
5882,13895
4420,9320
5189,12155
1106,10737
8777,10490
4433,11213
1808,15008
4270,12527
7339,12506
1414,14145
3180,15090
4140,17254
5621,14328
2628,9236
7504,9416
720,9899
560,8856
382,13875
8576,13181
4516,15856
3233,14515
3803,11680
3357,9084
252,14877
1604,12473
7594,15724
6787,11648
1837,11189
2004,17584
5113,12340
4173,11791
7311,10670
991,15790
8231,17121
7335,10306
3183,17817
3280,9981
5439,15918
2337,12911
3984,16205
4229,13756
503,12162
7404,17263
2284,11699
6055,13261
2163,10746
5032,10273
869,10144
5706,13031
2168,14310
2342,17071
7415,17440
8322,10159
1484,12432
2505,11369
3983,9604
8388,15901
742,17512
8557,16474
5699,8900
7145,16376
6708,14537
2390,16913
1011,11241
8115,15888
3316,14865
6226,9547
5075,14026
3481,16124
1976,16868
2551,10648
3537,11272
4630,11485
1256,11498
6773,12184
4183,10814
975,15596
6703,15671
2092,11481
6857,13112
3269,17315
3488,16996
8606,14374
5838,12261
7265,15678
4984,15820
3214,9223
7529,13167
2755,14528
1501,10876
2211,14925
6784,9489
4144,14937
4954,12752
1775,14502
1389,16931
1328,15006
60,16110
3516,11227
8568,17971
2927,15487
8695,16166
7278,16261
3175,17271
2520,17662
497,17666
6268,17422
6351,14448
6356,9918
1798,10270
6890,15764
2676,15723
854,13499
7186,12515
2735,11439
1830,9616
8029,9290
7013,15323
1647,15471
7962,11383
7028,9899
1478,9073
5479,9431
2827,17457
4722,13119
7318,12274
6742,14677
2023,11344
2621,9443
2372,9683
8416,15458
3762,9067
1941,9345
1391,15254
2055,10183
4909,11748
3909,17090
2767,9804
6576,10921
5794,11477
1953,17661
2674,12577
7685,8940
2165,14857
5743,13626
6108,14215
5410,15696
3213,14465
7580,16525
2680,17018
6615,11176
8077,14398
3286,15307
5384,11726
5438,9337
6491,9233
134,8844
1040,9611
5851,15836
2718,11206
2565,10588
5687,13160
483,11923
646,14432
6085,9844
8686,14124
8478,11701
7616,12727
6082,9863
4467,16460
5455,17641
6931,8929
3851,10518
1843,11451
7968,14487
2107,15879
7390,16774
6357,17102
7798,9040
8535,13692
1832,9173
7137,15935
1527,12150
5283,17950
3729,10415
5920,12377
4855,15163
5350,10797
852,11918
7915,10258
8652,17200
2527,10862
6437,9202
2909,16903
3982,13679
3779,15846
5630,10146
4399,12947
2095,9015
5685,13671
8503,14447
577,10802
4366,9123
2856,10101
4363,14475
1901,9359
4699,16440
525,16627
1064,10916
7842,17347
7596,17071
5645,9839
4914,16808
4684,15962
3021,15182
6363,14193
2096,15372
1450,17717
7344,12200
6796,13546
4071,17950
1269,15455
254,9118
2964,15061
1999,16318
3352,15013
8274,12955
3448,14290
5913,12093
1500,13225
4977,11949
147,15517
6659,10126
4964,11054
8039,10611
6057,10006
2898,15880
6958,12628
944,10074
1508,15363
3441,8821
4478,10559
7691,12563
23,12446
331,13676
1531,17838
2796,9995
6317,9942
1692,9867
6867,8922
3361,11685
4235,10903
3367,17102
6080,17578
2389,14098
226,13838
7928,15580
5174,17176
5548,16817
2347,17968
3087,13579
3543,17375
4780,10754
5907,11653
5106,14339
8034,11791
7449,11341
6618,17328
398,9316
673,10588
784,15618
2615,15129
7215,13116
5072,16426
7700,16783
7303,8921
5206,11832
8207,15716
574,17952
1062,9276
7860,10345
2684,17438
8448,15928
4063,12234
8379,17181
6315,15320
2739,12917
7572,15851
7852,10441
341,16569
4591,9335
8049,9520
2614,14006
7821,9383
8098,16205
824,15207
4658,12069
7876,11658
6704,14213
3218,9697
586,9541
7114,14888
1818,11027
2577,13888
55,11892
6019,10483
8760,12122
2553,10512
4567,17964
2657,14804
5337,15720
6100,17735
2209,9486
1902,14448
3453,13156
3793,11232
6424,12187
4967,12024
1493,17046
1052,17848
3995,12271
1881,9784
8349,17638
7693,13002
676,13564
6985,12271
7902,17253
4252,11837
5956,16642
1129,17962
5457,13765
5902,12581
5578,12787
985,15518
6656,14240
3595,10092
1750,14456
4227,11590
5031,17572
945,15473
2005,13296
927,14606
7116,9353
1047,10797
4872,11622
4622,17524
6577,12454
8497,15531
6478,17429
2870,15722
2510,12838
6937,17263
372,11309
7051,12716
4645,10902
2093,11637
1278,16459
2176,16509
7848,10262
7698,15477
2778,12888
7164,10656
2225,11023
1656,17226
6808,17841
6698,13443
7107,10480
8671,11213
5346,10433
5761,17051
7408,16093
4162,10089
5125,9416
3753,14760
2215,9964
2858,9885
5195,17288
99,14481
4773,8977
2271,16064
2292,17760
8720,9366
390,14628
208,15171
2906,13619
4524,10166
3406,14173
7604,14453
434,13405
6436,11396
3976,13126
1515,15505
8617,11631
7476,13985
1288,14124
7582,13730
3997,14647
4572,12062
144,14201
6465,15642
8093,8940
5845,13921
6600,10361
3424,9783
3097,14403
2404,12700
4727,11442
8210,9878
6521,9313
6734,9645
2699,10771
7513,16042
5301,9662
5276,15153
2081,9082
2383,11644
879,15681
1347,10805
1544,11690
3798,16310
2469,9525
3954,11560
6925,15108
8365,9832
1070,13311
8440,13943
2078,17432
8698,10589
5715,9549
8818,13363
3515,9921
7281,13594
6623,10732
6301,17318
6389,15478
7593,16161
6417,17726
7878,9588
3956,13709
6605,15761
8317,11331
6293,17951
3622,13714
2412,12129
5185,12550
2091,13359
5880,12009
7785,16880
5923,9807
5587,9030
4249,17568
7873,11313
7187,14868
7157,14017
3988,17765
706,17035
3583,13270
8342,10555
2434,9489
3284,14941
4248,11224
2296,12466
1232,11924
8057,10147
3965,12182
6112,15787
4944,10203
2189,10158
3463,12328
8753,17442
5335,10533
6168,11007
4099,9114
6664,16634
8567,17541
4209,10286
7188,14498
3457,10851
7725,12839
5311,13818
6557,8908
3063,11181
2475,14850
6159,10026
2700,13384
5074,15678
7025,9230
8593,11732
265,16410
4512,10055
6537,13901
2076,12083
2242,11581
972,11454
2914,13858
443,12184
5959,8843
1872,13375
6109,12510
2179,13709
6900,10146
3264,15056
749,9646
8212,12492
8435,9897
7036,12307
6121,9919
1660,15874
7044,11745
1198,14426
825,9554
2236,11156
903,14830
2686,10597
1722,14106
1971,11359
4210,11975
4287,13006
7130,15953
6505,13892
140,13438
7477,16329
5823,9695
8673,11531
8494,9729
6929,12473
5677,12924
239,12432
308,14726
1259,9214
7885,10929
7496,15574
6095,9369
4829,10157
7977,17574
3873,13493
2305,14536
3207,16619
3478,12195
2557,11650
6558,14836
386,12114
6321,16722
771,11147
4204,14141
4575,12810
8570,13691
5352,13635
4615,9795
2995,16275
5141,16018
3834,13860
625,15118
7073,13348
5214,14964
7953,9898
6213,14565
4826,15866
3092,14007
6859,13627
5389,16738
3205,15445
7886,13752
1332,14756
6162,9035
4427,11172
4337,14745
56,9962
1315,11531
5076,10692
3759,16390
2937,16730
5650,14767
1588,14132
1330,10113
4308,13902
8541,12176
1237,10232
7510,12910
53,10963
8487,16818
2746,12504
3327,14457
3168,14418
3919,15403
276,11250
8562,15793
4584,17666
1425,17014
7315,9737
393,12820
2766,10702
7456,9433
8241,13048
5726,14912
8209,16230
8327,15954
7385,11250
2820,16414
8177,14298
2443,12044
3904,17696
890,15370
5953,11529
5107,15114
2467,9793
741,14403
3358,11957
2519,12015
3178,13166
4952,15652
1972,10053
7568,11501
8152,9377
1973,16045
5987,10572
8,16826
2866,9128
6088,11565
4595,13830
2335,15717
5466,17960
6330,9929
8336,12184
5246,15970
5729,12217
3143,9371
4258,11138
6190,12183
6118,13586
3735,9228
1153,14483
5492,16026
5654,10817
7818,10018
2634,13301
6680,11280
405,15305
5841,11013
7671,15407
2976,15338
8807,17527
3907,16335
715,10959
4449,13103
637,12139
8026,10175
35,15521
3437,9854
2067,12522
303,9302
4774,17265
8088,16365
7859,13491
6054,14029
4317,13899
7924,14610
2662,17207
2747,9828
1284,17184
3311,16588
4790,11193
505,14559
1304,16109
2159,13041
4212,10547
1162,9799
6855,15318
7825,12824
3351,12772
5104,13265
139,12110
983,10106
3483,12360
2851,17630
5859,9281
2229,16341
2941,11918
829,11657
8189,13912
6233,13878
7313,10148
168,15255
6860,14046
13,9551
4850,15612
5983,14859
3271,10261
2612,17845
4459,17079
397,14877
5553,15597
4611,13760
41,11452
4324,13679
1590,9437
215,14795
6715,17314
7850,9737
1138,11871
8037,17968
7136,14946
1086,15788
6816,16298
2341,9054
2908,10244
4828,12590
7811,13698
4813,17402
6617,9262
7334,14038
8780,17757
466,15211
674,14143
6947,10528
1538,16400
5219,17048
6686,16053
3290,17256
8300,17732
5725,17553
7084,9437
631,17960
110,16453
7849,15360
813,9133
8813,13442
2795,11999
205,9434
1475,17472
3706,14773
2839,10118
3048,10507
4962,12674
2025,10126
3273,12553
3095,10618
1536,13285
2603,9867
1609,12134
1161,12297
7501,13344
5112,11506
387,9966
2622,14552
3661,9555
474,9819
1045,13374
3381,14277
3262,13225
3204,12459
5169,13488
3878,11802
6470,17132
5247,11285
4922,9905
3837,11660
8551,10479
6819,17610
3533,12850
7703,13565
407,9066
4739,9629
3854,10412
7388,11980
1537,11682
7223,10961
4878,15543
6234,14876
1263,16595
3059,9577
7425,11073
4845,14885
5487,11195
8447,10844
914,8856
6843,9758
5710,11633
1337,11595
1116,10140
2387,12565
460,16620
7705,9191
1416,17034
4139,13215
8105,14422
3826,10436
7110,15262
5833,9974
1704,9268
6143,16414
2644,10290
4509,14978
65,12061
1887,9615
449,16511
2212,10949
814,15159
4801,9873
6051,12586
8812,12669
908,10971
2874,9937
4612,15296
7074,12199
4761,11986
7614,10708
7152,15092
8005,16236
2783,17285
4688,13804
8346,15855
1979,13322
2105,14010
6546,12530
6992,16231
6611,14741
3925,9238
4083,16688
7646,13905
5712,17564
2326,9311
8651,14330
6092,12328
1007,17325
2173,10600
7497,9953
544,13185
2564,13849
7168,16341
5006,13693
4965,10738
7347,13023
3365,10068
7865,15328
2153,13463
8252,13410
5648,9506
537,14960
4859,17319
1460,17693
1443,12869
664,15329
7737,14051
7210,13571
3315,9268
8757,15528
7237,15936
6719,17003
2132,11065
8520,10341
8276,17949
4117,16405
323,16596
1398,15387
3023,9120
6836,15885
2931,11082
4381,14585
8040,9991
1008,14304
8680,10423
3276,11726
1211,10647
1565,17683
3100,17781
137,10478
7326,15442
5481,8913
8577,12329
7722,9953
3737,10935
3404,10461
3945,12455
7208,8863
4598,12328
6637,12907
786,11531
5618,14440
6695,12151
666,12115
1892,13308
4184,17657
3580,16527
2935,10979
4913,10128
6264,11714
7545,16006
4149,15298
1512,17609
3849,16917
6955,11310
8626,17856
3134,15277
593,17621
118,16092
133,10201
4736,10062
3686,12820
1124,13341
5697,11136
7948,10843
7057,9196
2374,14931
3657,13512
7486,10613
1112,17274
4112,11895
173,15122
1088,8868
5158,12361
213,13520
129,14522
3188,15695
4808,12751
8260,10169
7420,9969
8333,16968
5819,16883
5692,14219
2038,13612
8542,16592
3052,10772
1384,16371
4558,11945
5728,15545
319,14923
7765,10823
4203,13546
7253,15698
5420,14478
2246,9840
328,12811
3649,14697
7664,14818
1176,14717
6374,8981
2679,15876
518,16825
4538,16503
8114,17099
8782,10099
1,17424
6498,12914
3132,9463
1948,16644
3902,11395
8439,15228
8201,14366
69,13480
327,11929
5161,17390
4279,11838
289,17215
6592,12551
7135,14925
1826,13821
3967,17924
922,15575
5657,9448
3312,15708
2156,11394
6766,13978
7272,16409
2200,10856
4981,13076
4387,9743
4771,14682
3389,17574
4955,17460
5582,10533
2401,11432
7872,11451
4897,16604
3660,10638
7921,15436
727,13387
8267,15217
2990,10787
6596,10030
683,16903
2058,10264
3289,9756
4000,12399
5951,15597
2077,11169
5785,9583
1934,15070
6969,13280
135,8864
2563,15061
4345,16348
4370,15590
6938,14951
7918,17888
8521,13086
910,13914
902,13797
3155,16574
3323,14958
6987,9354
8133,14359
7495,14505
238,9869
5909,17271
3830,16724
1111,15030
6480,15689
4414,16654
6556,13677
98,12255
6008,14732
8087,15758
4181,11481
7037,12076
2293,14877
1889,12614
8139,14119
787,10100
7960,17140
6257,9957
6081,12420
8165,12022
5118,12258
447,11093
8277,11176
8102,17777
5603,10985
6536,16876
1981,9062
347,17881
7645,16795
2048,13218
7530,11423
311,9969
4458,13764
8195,14524
1209,13210
8767,15193
413,13471
4823,14320
6296,9118
2123,12516
491,10174
3937,17864
3064,10749
548,11949
7503,14034
5671,15905
493,17001
6850,13728
7470,10700
2111,12599
955,15621
2366,10459
3309,14870
7383,9480
370,16760
2411,13518
5391,16725
3647,11432
2567,15410
6503,13575
2979,16865
835,13143
6401,12097
1767,12349
8743,14672
3217,11612
8006,17948
3696,13729
2169,17477
8775,14873
2961,15129
690,13579
2357,11599
149,17179
1555,15746
7323,13989
5966,12269
7410,11967
3975,13540
7290,12316
3062,9562
4975,16974
7023,16689
7756,13993
6171,11032
4743,17018
7754,15370
496,9303
2344,13622
1745,11439
7836,17214
5926,11035
8313,10295
1200,15930
3571,15866
1110,14890
3972,15263
1289,9934
836,9984
402,17660
970,11725
8014,10687
6835,11310
2695,15685
4720,10069
4867,16260
2791,9211
2709,14383
5417,17590
1037,13458
1320,9691
4568,14019
739,13678
622,16012
4740,17656
2253,12290
3038,9358
4240,15765
5576,12365
3005,11119
534,14047
7621,10627
8282,13532
3126,17485
1874,17709
5256,14621
508,15032
426,17749
6193,16960
2683,13270
8434,16453
4527,12837
6386,12936
4831,14573
7583,9981
1571,14458
6988,8861
7444,10532
3570,13427
3433,15773
4276,14715
6726,16897
895,12256
5656,9739
6178,15077
6181,11200
5739,16558
7822,9378
5456,15584
1893,10955
2094,13116
8739,11667
1511,10168
6020,13807
5360,15652
1506,15047
302,17552
8359,15458
7053,13884
5312,17604
8018,16239
7370,16030
2014,15010
4375,16882
5024,10243
4763,17690
920,13276
8676,14355
4945,14087
7929,17496
5709,14453
8718,9847
4657,11515
4462,17124
5933,10619
1462,11178
6430,14436
4222,10777
195,13905
8633,12628
6461,17633
6657,17455
1291,14007
8104,16100
6368,14279
1166,11702
2147,16018
6822,11251
4128,16367
3305,15532
657,9507
4017,13400
3542,15827
5427,16897
8799,13408
4466,12054
5788,13558
2750,10382
7681,12351
5375,16768
46,15727
6757,15031
2503,14859
8378,10024
6260,15492
2273,14394
4493,16186
8539,10877
7243,11901
4750,13717
5972,17365
105,14265
4539,11685
7316,16460
2803,9773
1566,9736
2125,9829
3672,10701
5164,14650
1503,12125
8119,11094
7724,16595
2945,12268
4610,16864
5895,15653
2960,9741
2066,16556
6514,15630
6139,14435
8584,13713
5354,12345
870,12302
5878,10571
1650,13834
3710,12363
5090,17513
7080,10529
8113,15724
2850,11747
3676,12198
5898,11253
1706,17474
8224,15478
4783,10121
2220,11401
6394,15396
2352,14213
4504,9095
2104,17771
3420,17557
3690,17892
5854,9039
5561,17380
5681,17181
8452,12793
4409,17590
5523,12533
2160,13204
1497,10328
5595,13818
3192,11046
2617,9735
6614,10016
8369,8888
5921,9173
8175,17878
3198,10359
2785,11938
5862,13608
24,11062
1221,15568
7451,17882
7609,17256
6138,16118
555,16240
283,12980
6700,10405
5874,10863
4274,15466
4062,11957
3601,15169
4007,12419
5557,15174
4382,12038
7562,9013
1823,14338
2818,10133
1057,15299
1946,16457
3026,9902
7161,13182
3587,16803
6797,14654
109,9873
5196,12313
6829,15194
3575,13589
8643,17877
7941,11227
5651,13198
8574,14518
660,16342
8798,14709
1447,8822
5793,11427
1885,11123
8793,16882
1229,12544
668,9522
5924,12452
4709,10435
582,16026
8160,17778
4759,16131
4127,14311
8280,16684
5129,16389
4194,12321
6089,14590
1695,9627
6045,14904
8137,10395
2798,9046
4514,15498
6026,14849
3860,14001
3799,15496
7742,10356
5272,9161
5581,16675
1359,10848
1322,17165
7934,14493
162,17008
7201,13953
4177,15810
7524,17379
4301,9104
4291,13375
472,17433
2508,10235
3310,14985
990,11946
338,17339
2317,9325
5486,16068
3906,17538
4068,9526
6302,14904
2748,10225
2270,14169
1986,17373
3439,13472
6343,16746
5053,13293
5775,10505
3031,11750
6248,9983
3468,10059
7552,15353
318,16454
711,15901
3856,12074
3885,13071
7719,10863
6510,15142
6507,15030
5890,10664
3094,9525
3985,15417
8566,15989
2,14114
6287,17502
6445,11384
1439,16026
8075,17897
1957,9731
4242,12762
4110,11248
2198,10468
4888,10526
1638,12451
3460,9883
2892,9909
5641,15611
8735,16125
8266,12774
8615,12206
7549,11063
6533,15433
8456,12283
894,13140
5000,8984
7219,11352
1945,10055
223,11513
3921,16674
5205,12264
6360,13189
6290,9918
5970,16617
7523,9039
8146,11421
5269,11693
4015,17266
6619,17885
2071,14789
2877,13782
8425,11818
7592,9056
1430,14618
5922,10942
242,11502
234,9683
1597,16536
5351,8883
1697,12038
2226,16474
539,11537
123,16426
7804,8822
5947,14262
5875,8881
7945,15669
8819,11106
4410,14119
5265,11480
8367,12376
1461,16940
4990,15375
6940,12512
1092,17711
5509,12996
5197,17342
1393,13468
1279,11487
7816,16880
3666,14538
961,11962
845,12256
7254,15334
6216,16562
4332,16878
2426,16518
8163,16686
3667,11365
203,13928
7087,10656
2361,14524
8445,9912
1673,15540
4002,17055
1049,14217
7059,17379
3709,14822
8188,10406
8637,17210
5394,16358
3852,11702
1187,9518
4637,11331
6068,14663
2726,17236
5005,10297
3918,13863
4956,8872
6991,9406
7256,15893
7434,9232
4049,10791
3319,13286
5877,9948
4816,15404
4737,15057
1003,16823
5426,12521
3731,15901
7532,16490
2227,13748
1002,15564
8044,12968
7762,14868
7034,9953
7282,17524
2919,9732
5339,12087
4917,13583
3320,16693
3815,15861
6484,10064
8168,12695
5886,9867
8586,10030
2339,13481
1250,17274
6691,10146
5738,10414
3054,11320
4708,11142
7258,12652
3926,15810
8230,13304
1474,16568
4450,16932
3336,9967
7088,9707
6646,14528
7823,11409
1907,15891
4758,13373
18,11325
5356,17829
8547,9715
70,17512
5722,10880
6449,12815
3124,16048
4218,12045
7806,13025
7332,11770
5379,10699
5957,9556
4275,9215
4548,12098
5209,9075
6793,15873
5452,17450
3176,10072
7294,17884
947,14502
7587,9768
1773,17331
1520,11212
5928,10584
7209,12169
1813,15700
2429,13268
1392,12367
8582,17153
1431,13229
5459,16386
5386,12646
4136,12439
5049,16151
3405,16414
7146,9804
2100,12839
1528,16652
204,10089
3651,13995
7864,9126
5558,9692
8443,11274
2498,14860
3892,15721
6865,17311
702,17528
2971,12287
6084,9016
7958,16148
2753,12515
5176,14464
3090,8894
4120,17549
523,9449
1563,12934
6004,14634
7433,10102
95,9758
613,8902
7227,16756
4735,13638
6462,11666
7235,13510
6869,9472
7262,17027
5564,15376
992,15407
791,16084
5149,10410
4039,9307
7793,17742
7516,15631
3844,15292
8202,12585
7606,16294
7578,13356
2944,12137
3739,13250
1816,11485
916,10643
3061,13739
7421,15532
7001,12229
8672,11866
2113,16029
4633,15677
7712,9415
5392,16264
1925,17344
8529,8950
5520,16957
3610,9161
7602,12422
1053,15400
1863,12664
8334,14365
2924,13351
1705,10030
2869,12647
2764,17252
4401,11435
3073,10256
4749,17103
2958,13939
8601,11948
5373,10577
5991,16632
6927,11247
1217,13670
3066,14584
4644,12460
7387,14441
6922,13744
2155,15974
4969,16920
3173,10234
7567,16936
7841,9107
2790,12897
7321,11688
3812,10125
3369,14910
3084,15714
3395,17880
1716,17491
4034,16404
2809,17815
6414,12466
687,17259
5133,12034
7292,12718
2955,11319
6733,17474
2133,12324
6007,12521
5245,10658
2254,9363
848,17865
2925,17919
6950,16851
4408,10757
2655,9990
5607,15619
2228,17460
2161,16817
4779,17591
4465,14351
2377,11895
5617,16881
3382,10233
1467,13714
112,15162
2234,12063
7379,9814
2539,13627
866,14388
7828,11834
5151,16227
6963,16599
6199,16505
4003,17545
7029,11153
6200,16900
8368,8997
1723,14127
8316,9135
4429,9538
7525,14560
2830,10662
4894,16427
5925,13889
1766,11797
2745,10567
3639,15832
2255,15630
1482,11737
3959,13986
3074,13307
7846,17745
260,10573
2907,17201
4692,11782
2572,12709
2046,16257
7837,16051
6251,10386
3758,13575
5234,10685
4307,12874
7090,12843
5494,14969
1367,13026
8256,11657
6345,13475
515,9511
1720,14466
3195,10520
1167,9188
8182,10451
1293,8840
7980,13658
5171,14257
6324,15300
1073,17075
7483,16402
4407,17021
5756,17786
4027,14951
6440,17062
1513,16923
4405,9730
306,16513
7141,16823
3484,9290
3219,14334
3308,15294
2418,14087
5834,9024
7240,11655
2789,14182
768,17355
8304,15562
1449,14191
4559,17506
8332,17044
278,13207
261,11524
989,15322
3331,10034
2799,15025
1329,9929
8421,12466
2449,9310
3599,9213
2459,15463
2484,13728
62,13668
2455,9387
7104,13910
1074,13100
684,12530
1593,14747
81,15613
785,9322
6493,17423
3585,9406
2660,10771
4540,13223
7354,10178
4576,11731
682,17699
6093,16400
5700,13989
5649,13629
2439,14645
3874,9652
8061,10499
2398,17143
5436,15061
2392,15855
7072,14840
3034,11006
5473,13844
4552,17895
1115,17350
2690,13537
7307,12720
7348,17292
6884,16227
5471,16842
5999,15162
7067,9653
3620,17379
6106,17646
8691,10452
909,17031
7027,13694
7736,10893
4477,12868
5434,16156
1146,17436
7154,15710
8621,14502
6852,17358
2008,12387
8511,13337
834,10660
8702,16966
6778,13885
4082,17257
550,13068
6223,10755
4711,11581
7574,16230
8186,14292
5659,16273
8159,17306
2015,12579
4843,10755
6059,16536
6014,12273
2661,10690
3247,14273
1125,13538
5695,10817
3413,12301
7396,17891
2427,13580
5690,13722
3749,12093
2494,15073
1896,15784
6666,10858
8355,12363
4639,16032
4602,16595
2568,11868
761,12869
2164,17470
6025,12656
6471,10153
1122,9352
2587,17448
4920,15188
6881,14629
4439,17962
8058,12522
4704,10273
7488,11232
8473,9298
4343,9001
6846,10870
3823,9267
3563,12253
7054,15232
6073,12028
1570,17119
2561,11637
1412,15061
4616,8884
8523,12041
1523,13389
8321,11813
751,15435
6920,10292
8522,16863
5806,11922
143,12313
2468,14307
6115,14645
7443,16494
571,12180
880,10269
7276,10070
1499,13876
5425,15356
5533,15986
421,11496
4961,16199
1755,10938
7637,16700
603,15923
4562,16288
4018,9284
757,16678
860,16011
8636,11487
1562,10364
3393,10675
7964,14939
7917,15049
8323,13431
863,11213
7103,13333
5435,15143
7376,8849
7764,11495
429,16272
1769,12597
8403,11144
106,16567
2420,12588
1793,16787
8771,15649
1095,10915
3736,15001
2109,14891
1302,13538
6308,14610
1477,9858
1090,11056
4747,9353
3931,17817
8089,16696
2119,12440
2446,12565
4923,13050
3201,14434
7428,11229
1411,13106
7539,17786
8704,12602
1456,17266
3017,13869
2382,12152
3840,10667
2422,12745
7564,13356
899,12868
7601,16162
1525,10417
58,11657
1473,9573
211,13464
7369,12514
5830,16440
1323,15667
3244,11141
7129,13432
444,10288
7605,14996
3800,17629
5421,14456
2281,9096
3970,10652
2585,12044
4651,10644
3692,9840
7149,13455
4577,15094
4104,13828
943,14686
5147,14763
2545,11097
3952,9612
7809,9135
1592,12734
4325,13618
3349,16314
4541,13330
2671,16992
2359,11857
3012,17372
2456,17006
7981,14044
1197,16682
6597,14195
2903,11298
4251,16304
3650,13868
7858,14237
5023,12114
4805,13499
5996,10017
5302,13672
7734,14497
1356,12270
2800,11686
5620,15559
1312,16518
2600,16773
5707,13896
793,12250
5998,10713
192,16776
6688,13315
8585,8939
2235,17958
2447,14243
6460,15700
2902,13094
7790,15210
4566,15849
1561,9674
1368,14372
8758,14526
2313,16228
8822,14518
76,13745
6518,12352
8578,16559
7050,9221
50,16202
3470,14280
2968,13990
8180,10361
4166,9263
817,13866
2727,11683
8573,14246
5160,9155
5724,15469
1132,15193
433,13044
4069,15052
4421,9691
4891,10807
2462,13735
7674,16163
2432,14553
7002,12381
659,13617
4448,10957
2500,17216
5308,9336
3022,12051
5839,14301
6281,14580
8296,13003
6474,12784
5105,17593
1495,14076
1193,11390
5606,16863
8184,12831
1564,9563
4980,16979
5019,10682
6951,14608
6427,8852
7914,11346
5643,15624
8810,8952
8422,13585
5594,12736
2036,14312
5463,14584
16,14694
6468,11612
5316,14178
6861,13109
3996,11381
5040,16332
6201,14599
1895,9167
4696,12976
2285,16735
5836,16003
5470,13620
6398,10551
1060,10480
3642,16127
6941,14735
1858,9982
7163,12322
4189,9526
2097,16593
4220,11298
4542,15587
5781,10407
4097,12342
3206,9046
1759,12234
3503,15288
1139,9344
7144,12380
7770,15436
3813,15146
2624,15793
7893,15493
64,16068
7933,11632
774,14797
1664,17355
2054,9614
7100,10233
1853,13080
6144,9815
391,14020
3467,14136
5177,11910
5901,12703
4319,17692
7309,10110
1725,13552
4904,9626
3605,13230
3142,16775
4053,13119
5018,17331
5871,11715
2779,17762
997,9879
1543,15867
3934,16564
1910,17576
6038,16017
2840,9503
3741,11655
5948,8852
7181,14432
5545,13965
2360,12790
1371,10137
1472,9316
7445,14939
6340,9283
4532,9528
4403,8901
6110,13135
5429,9956
389,14217
5759,13522
6677,16954
5126,11466
5705,16779
8684,13623
8803,13574
2873,14494
2233,9707
7575,14525
6457,10189
5631,11462
3905,11307
7012,11338
7098,10255
1408,17882
2276,14067
5034,12735
8768,10313
6203,12875
5662,9144
270,12296
4728,10591
3479,15235
6262,10801
6175,9099
4045,11649
3611,11708
4005,13355
8745,12857
2477,9064
6172,15148
3689,15597
8257,9638
6981,10687
4024,8956
1109,8878
6629,9495
6179,17099
3523,12149
7608,9156
8436,10225
1610,16404
4011,15961
4753,16967
7500,15903
3194,14176
2274,14131
6772,15736
6705,8963
4868,16904
2090,17721
7853,14395
7690,9725
4085,9525
7248,11211
337,10608
3120,16461
8226,13893
3808,12456
8499,12169
5428,9804
3291,15945
1844,17622
2063,12861
7233,12031
6975,16464
7851,13199
6667,16465
1615,9144
6908,14217
7225,15480
2721,14327
692,9151
8597,11466
1016,15617
7683,15496
8804,12065
6246,9153
3617,9200
7916,13607
6399,12909
3051,10720
6125,16131
6653,15751
6120,12324
1352,16742
6027,16332
2951,10056
549,13999
166,15586
765,14694
1549,13197
1078,13054
3757,14122
4534,10806
7771,9749
1465,17880
5580,10943
2001,17667
2279,10077
6032,14018
6593,13097
1006,12766
5298,14197
4873,15432
942,13451
5140,12337
2999,12688
1919,15047
7172,13982
8786,17684
7156,11917
1386,12632
2887,9417
3196,15321
7680,13620
1702,12549
3788,9422
8387,16013
2659,13334
1032,14465
2045,16007
7411,15909
141,10457
3579,9534
7340,10304
4713,10737
5660,17114
5560,9647
2523,13443
2940,17421
2283,17020
7566,9861
857,17743
6339,11021
5747,9821
6974,10534
1413,11653
1911,17838
1743,9090
4849,11820
7766,9686
1459,15208
4051,9640
4476,13165
3755,15936
4706,17130
1409,13433
3694,14711
4533,9141
1305,12900
7409,17112
1021,8889
6872,15212
6610,10658
1940,15196
2672,11475
1097,16750
3584,17044
4491,17051
3810,16432
3045,14119
2928,14314
2948,9925
2139,10951
2333,16382
8009,9539
5173,9588
3199,15165
7454,17492
4707,14827
4079,14886
5513,17071
1547,9081
6173,15991
4354,8849
3899,14644
7331,10613
1046,17910
2230,12473
1658,8946
6406,16736
5170,10287
5489,9606
1654,16943
4479,13628
6221,14279
6194,12009
7777,12089
248,17611
3150,11969
6740,14378
6737,11480
4966,11803
7197,10782
2630,10228
6581,14299
2625,15360
7869,16702
4164,11954
3560,12404
3166,10121
5061,9869
2775,11234
142,17533
5579,15577
2792,17159
6858,17244
4553,16877
8489,17693
2640,17382
2460,11882
1997,13208
3235,12692
6652,14601
7739,10153
4065,10126
5499,15667
4056,15793
672,17337
1552,10627
8208,16116
7441,11523
7052,14654
4327,15752
7520,14547
6243,11488
6811,16531
8537,14880
5372,15229
4698,11776
2530,9986
4588,14650
7273,9929
1010,11714
2294,16673
1346,16406
5292,12667
6830,11453
29,14940
615,15736
2512,9276
8245,9579
1546,13137
6663,12231
3957,14647
7787,9151
8581,12607
3876,15342
3555,9071
4040,12386
8517,17049
5891,17903
5717,12472
6023,15233
8402,17129
4113,12482
5257,15482
7049,12161
3662,17013
7890,10788
8100,9412
4632,16886
6550,17678
1184,12300
2287,13897
3700,14003
1812,11396
1245,13297
3890,16933
4852,15301
2241,11705
5430,10852
4080,11891
1028,14380
5336,10344
4084,11348
8335,16204
3603,11777
8307,14154
6087,17578
5869,15101
4442,17058
4935,14985
5797,11503
5653,16941
8536,15091
5802,14282
3600,17657
6862,16276
463,10419
5597,17318
4820,10210
4328,10780
3346,15061
1619,15509
1158,11137
6413,11489
1210,8942
1072,17133
693,16919
1854,16765
5945,10756
3153,10185
6570,14943
2454,17056
5086,14851
4847,12058
184,17545
6458,11665
6215,14308
5888,12264
5322,9010
3302,13637
2521,11415
935,11128
6744,15986
7366,9782
6588,10103
1821,16870
3496,14981
3258,11649
5997,12017
4641,9324
3913,13902
6069,9742
3058,15833
1281,15339
5639,16008
365,13437
6968,9126
6312,15208
4822,16241
7920,13186
1757,15647
51,11913
1402,10639
8449,17216
8205,14946
4186,11100
2646,11825
1123,9236
1651,16082
4846,8982
1255,15319
2956,17238
5615,17739
4336,11584
28,12328
6158,8939
5390,9405
6697,12077
3018,16490
3353,11315
7389,10841
6809,13906
7490,12040
752,9318
2128,9128
378,16544
8629,10346
2987,10358
5070,17016
3300,9333
3814,15067
5120,9966
2275,13070
2190,12069
1334,10249
4680,11044
6678,15446
7320,14984
5447,14955
1883,13295
7159,15369
8183,10756
4912,17194
2608,10893
4693,11852
2223,14856
6897,13432
5942,17180
6729,11367
4936,13316
3495,16883
6636,11213
6344,16144
1419,9353
2926,9454
8390,10876
2629,9672
1056,16751
5052,9972
5376,13022
2441,12097
7930,11626
7412,14025
2517,11313
4856,11245
8561,12038
7419,14305
3108,15344
1846,12550
6755,15771
1390,10844
8632,11137
4092,17461
5868,12162
1991,16404
6309,16982
7696,11261
4118,13634
6762,16037
22,8966
8604,14985
3949,11823
6598,14328
531,13320
7862,11302
3525,17333
4617,9903
332,11339
5250,11354
3643,15871
6982,17903
8319,10485
3344,17081
5816,13706
1519,14927
6077,16576
1102,8984
3663,8933
8055,15359
5342,17609
3112,10587
6670,15138
2080,11987
7733,12043
933,11586
1029,12270
3797,15908
8697,14766
6564,14277
6892,17635
5742,16541
1492,17133
1930,10655
2433,17420
4390,14918
1797,13580
4667,11697
4970,13208
6789,9635
5652,16708
2302,11269
5413,13112
2450,11744
5672,11658
4313,13594
6942,16466
7489,14163
5849,17165
5731,13666
418,15409
1835,11848
2734,13520
7560,14580
6526,10767
4629,15271
4299,12632
7565,11662
6739,13602
1451,14523
5526,14278
7401,13590
7308,11835
7558,9446
4244,13421
6371,10485
2244,12251
8320,11491
8431,13685
3928,9213
717,9194
4520,10520
7990,13809
2880,10312
8559,10299
1285,11979
3980,13091
6214,13049
222,13811
5217,15342
292,11798
5341,11209
4457,16726
1172,13004
4038,11368
2823,10031
795,15704
6642,10157
485,12636
3434,13668
3426,16074
6285,9036
5914,17568
1772,11271
5306,10353
2222,17119
5938,10365
8048,15444
4794,15645
448,9335
600,14046
1794,17672
7083,11245
5559,13772
3,16223
1225,9609
5637,15106
7274,10027
3998,17007
598,10609
8020,11708
1518,9525
7939,16985
3283,14925
7005,12511
7955,15810
6396,17764
7607,16311
2280,17112
7120,12200
5467,14288
7257,11557
3216,16520
3861,10781
4321,13012
4435,13690
1933,10367
8554,13010
3231,9692
2828,10497
1993,16728
6628,10718
1736,13759
1744,17511
3835,17457
7975,13845
1905,16616
5720,16649
2017,12935
2188,9850
748,13438
1569,16953
6431,17522
3104,10626
3158,13995
2794,10909
1319,13875
7831,14937
7613,16268
3687,13476
7414,14481
4261,11614
6826,15137
6311,17637
8045,17353
2685,12848
6671,14804
6944,15269
2781,12960
6494,13308
183,14005
5752,10322
2917,17768
5395,13357
4881,16489
2811,11277
3403,11853
1366,14098
1585,15613
5910,9563
3867,14456
3548,11540
4342,12987
5931,10285
6786,10716
2584,9567
441,17958
4510,10588
6509,11128
2737,10736
4446,16735
8471,8968
6764,9854
6161,13051
6195,16350
8590,10380
3969,15023
193,10193
1048,16509
5203,11563
5328,15297
6805,17042
4138,17515
5704,8910
6594,16356
5737,12865
5944,12830
4246,12647
8070,14412
8514,10548
1782,16829
1731,17579
3521,12585
7008,13819
6452,8965
45,10256
2947,9590
1834,12482
2835,9956
8505,14681
8719,9152
5027,8889
6525,14969
7896,15934
3781,9693
6149,14628
7665,10025
1296,15886
8069,10233
2269,11397
1770,15391
6083,17921
919,14590
6980,15863
4508,13198
4934,17278
5324,9591
7995,17139
1641,11978
5917,17426
2720,8841
996,14340
809,17458
5469,14911
7541,15946
6886,10716
3255,9266
5191,12653
4094,17221
5058,9748
4292,9267
746,15343
6779,14240
3019,13844
6804,12912
5661,13563
4376,12411
2678,12084
240,11002
2314,15942
4549,17128
6827,12466
1128,16746
7239,12061
3171,14069
5773,13075
369,14867
5056,10699
4311,16847
5009,13707
4724,8911
5274,16343
7048,14553
1335,11691
6687,14993
4233,12954
6035,13184
6799,9696
366,8986
5152,16219
3337,16114
4638,10161
6111,9245
6409,9335
776,15407
7071,14023
8731,9382
3459,14038
6196,9938
7753,11632
5369,17124
5911,11756
4678,11939
6731,14059
30,11126
5569,17929
8042,16375
3784,11061
2653,8941
3838,13964
7884,16409
1126,15608
4832,14786
5960,13387
862,15854
6842,10210
3256,12423
3761,11429
219,13223
7647,9224
3675,17615
5215,16208
7775,16538
6327,9804
6825,10254
1632,11451
5491,14281
5988,15503
1205,10640
830,15752
1154,10973
8418,8905
6870,13363
6728,9283
4666,8931
3147,13966
3941,17607
1438,17371
3179,8876
1401,12794
4115,11504
201,17452
3836,9018
4305,9789
2060,12257
8516,12335
7626,11461
3272,14822
3392,15319
3766,12695
1185,14135
3897,13525
7203,11253
3594,11725
6318,11992
307,11227
4025,17140
348,12996
3493,10983
4893,17831
1372,16769
7563,9393
2938,16864
7743,15621
8311,13561
1613,16216
4384,16881
6828,13354
3606,14910
7212,13232
8000,9289
583,14687
1080,9293
8763,9808
3347,13975
1507,13262
2027,13044
1966,17950
435,14701
3740,14436
4791,9063
5981,11543
6630,15191
6031,8951
2408,17669
1990,13181
3665,10360
7757,17490
5015,14842
1595,11064
100,14805
103,10178
6758,14358
6390,17607
5290,14297
5850,15458
1100,12921
6847,9774
6716,14720
2529,16447
8099,11699
8273,15187
558,15216
8162,13052
7306,17803
4428,15279
8774,11999
948,13326
4879,13480
6090,8899
8358,16494
7288,12404
2515,10373
6513,11124
6795,11939
4551,9661
2991,13621
8790,17313
7508,17296
5772,15397
5783,14101
5517,16757
3627,12399
6555,12039
8292,9784
6065,15416
6128,9398
3110,14213
3411,10081
5182,17407
5220,15274
4411,9913
1882,10461
878,14121
5404,16162
6743,12887
8239,13321
7868,14747
6979,9353
1068,15142
3443,13053
6042,12214
8666,15957
2772,12474
8796,11382
4114,15846
732,17843
2022,10694
6418,12305
4798,10415
5978,12046
6255,14760
7699,17743
5796,9334
5035,13025
2020,11568
3999,15009
1796,14161
592,13935
3745,16413
7731,13668
7493,10379
245,9267
259,10239
6643,14729
7143,12826
7721,13086
5402,15297
7022,11998
1814,16564
5828,10030
2707,12687
8696,17901
6247,10747
5768,16858
4131,10148
8776,9834
5529,16271
1649,15509
4776,17744
7040,13876
8051,11554
557,12850
6864,13277
2667,16578
837,13209
85,15583
5175,13637
8607,9662
3170,10645
5014,9019
1921,12849
8397,15244
3328,10122
7599,16215
4911,13074
891,17239
5552,14991
8401,9474
2400,9629
5210,9776
3966,10846
8742,13416
145,14797
7672,13922
6060,14643
2665,17048
5716,13575
3164,13581
1098,10967
2403,17944
8056,8852
5230,9792
3616,16263
3469,11862
8663,13488
5441,12548
437,15325
3780,17291
1212,13694
7600,14514
1204,11675
4461,10631
7450,16096
8200,11062
6147,13390
4102,17114
3912,17957
6002,14921
5610,9057
1532,11954
2158,14545
2599,13049
209,16611
7615,9407
2315,8831
6475,13731
1936,13308
6236,10525
6693,12303
7704,14879
210,15865
6294,10221
3764,15525
2875,11521
1170,16050
5270,9536
8461,17286
653,17378
5277,11848
5777,11911
2632,14965
4686,17867
2393,15492
1833,17969
6517,13778
7963,17837
3254,17407
5050,16207
1065,9648
2920,17374
2029,9433
7654,16400
7992,16852
6000,14070
3410,13225
8508,13262
2018,14838
718,16749
5013,17706
736,9378
8281,16313
7807,11025
1175,16367
3491,10917
6964,12992
5804,10858
6242,12396
3568,14595
7297,9074
6490,10152
6763,10867
4351,15026
8271,15078
4842,12261
794,13826
8299,11883
952,12331
8352,9766
5760,13087
7003,14119
686,12583
6972,14667
4452,15668
8094,9908
2541,12012
7547,10322
5243,9437
1556,10086
2616,9990
2543,16071
2731,10027
7392,11928
5846,17065
1044,11694
1283,17244
1387,14862
803,11705
6488,17928
1764,11057
8823,14076
5192,9162
4175,14170
2708,12689
3669,11146
1156,11767
4597,10550
1956,12256
417,12094
738,12010
580,14447
7826,15245
7446,15412
7676,16154
6252,15470
400,11303
4838,9700
7010,10755
2356,11474
7502,16780
5400,14650
2480,11714
121,15654
4444,15089
576,9904
4151,11537
8589,14505
7305,14233
1265,12406
876,16682
7063,13992
3507,11728
2406,9506
7482,15963
3519,11669
4253,16412
8779,14473
1719,17892
4730,16062
3816,13150
3037,16824
4976,13117
7184,9298
6425,16342
7016,14840
2768,9063
5790,15429
6259,17237
5320,16424
4494,11592
3492,9499
4130,17772
492,10745
7971,9717
8283,10175
2740,15521
8533,14832
107,11110
8193,13464
8694,12345
3853,17389
8738,15050
6694,17928
4295,14335
1665,14765
7267,11726
8512,17378
1824,15987
2996,10114
5131,16526
773,12854
6476,17641
2013,17557
7417,9854
5986,14864
1983,15667
6009,9433
3039,10839
7505,9984
406,16702
499,15835
3129,11010
799,14364
886,16740
8249,13076
6044,14892
2039,14258
1471,10938
964,17481
887,14932
5143,16016
7994,9932
8496,13503
1865,9895
6954,9338
6328,13301
7618,13254
4101,14237
3359,10060
5388,10316
172,12450
1454,11491
3930,17068
5711,11929
6543,14987
2842,12519
5856,13078
6802,12565
8247,17692
4006,13602
6253,15636
1666,11869
4971,12314
654,12478
7644,10232
8047,15744
3628,9221
190,16123
4372,16427
7984,9234
6283,16919
3167,9944
2115,9321
4267,14064
2415,16454
7058,11365
7926,17288
8392,13685
2309,10131
3440,16214
4587,17383
6157,13914
7561,10372
1550,16162
4606,10636
2308,16703
4555,16538
495,17269
1868,14728
2741,16948
8474,12731
3680,15642
4547,9938
1752,10971
43,14443
7889,14757
1857,13390
1969,11668
6230,13696
8428,13923
3770,13692
8294,12722
2897,15383
5444,12278
5145,14169
7585,16632
2537,14326
7455,11148
8348,9567
1779,12988
5769,13528
7030,12989
5532,16574
4141,12539
1117,15988
812,17169
1290,11930
4207,15697
5585,10501
2762,9151
3354,15110
8482,11640
6354,15330
8314,13943
37,14410
3697,11631
4738,14175
2363,13120
8433,12973
2073,15527
7661,17017
5565,9794
4396,16248
2298,9855
3864,15941
828,16764
4300,16175
3348,11166
4679,13599
1611,10884
5011,12295
1557,16565
780,12104
7166,13184
4434,10596
1984,11371
5619,11561
6639,15079
4076,12053
8531,17669
7077,9500
4170,15888
2260,17746
2431,12363
7651,16359
5881,16348
1514,16683
5701,10310
602,17716
7418,11865
3634,11128
6904,14316
3182,14534
7079,14158
5416,13542
8690,16256
4417,17061
2051,11028
4386,10568
4565,16246
6616,13917
176,13052
7744,10650
8580,15409
5065,14401
3412,12651
5733,13080
680,14319
6673,17021
3529,9489
3436,15465
2064,11872
2862,13555
1617,12434
126,11870
2193,12360
4895,14359
4656,9810
1242,17966
269,13492
2286,14016
7832,16319
3544,17895
6063,17123
3071,11622
882,17805
7360,14850
5488,16131
7382,17362
2901,17438
7709,13515
1584,14828
5004,13640
1740,10659
3783,9849
7950,16306
2367,12701
8068,11269
5262,17733
8616,13731
1316,16392
8662,11474
4193,9886
2032,15729
5629,9315
4359,16161
322,9912
6420,13430
4001,15340
6272,10583
3981,11729
3763,12484
1004,15792
9,16363
330,14503
3399,14801
8341,10155
4665,10568
440,17922
1806,14560
1224,12538
2154,16562
3114,15845
6832,13694
968,13668
5331,9774
1354,14585
6050,12950
8714,11341
4631,14489
8078,16436
5602,17716
2883,11434
5450,16920
4123,16350
7060,13973
342,14856
2172,14340
7986,17448
78,16138
4697,13298
7112,9505
4010,16608
556,10536
4834,12419
8703,13904
5278,16316
4592,10016
6492,13013
2648,9752
595,16386
8107,13443
4927,15047
7399,15139
4874,15792
2538,14037
4700,11467
1763,15091
3003,13764
1721,15417
2474,16535
8345,10000
8237,10385
6261,9651
7879,17100
6052,14696
3828,8922
490,15140
4993,11384
3209,9064
2896,14207
4948,15017
3539,15380
2950,16920
6141,15575
114,9962
3294,16287
5658,12075
146,16299
2355,8874
2571,11456
807,12077
3875,12644
8386,17600
6930,12301
3629,11957
5744,16831
4495,15049
5495,9761
3458,17638
3139,11197
7940,9700
1589,10779
7165,12159
2855,16685
3582,11410
1943,12585
7728,12175
4652,16581
3462,11970
2118,12818
8783,12816
575,14371
380,15335
6702,16423
4810,14117
502,11645
3251,11621
32,13732
8013,17155
5531,17254
8442,17219
26,15747
3578,11242
2865,15450
3827,17498
8248,8991
5153,17344
3050,17967
6497,12127
4626,11159
2301,15260
6760,13849
2194,16689
5941,11990
5134,16379
4004,9313
5231,15288
5225,17089
3032,9280
1880,9067
2774,12953
510,9897
3435,9900
4217,10765
3027,9393
5062,14626
2435,14723
5253,10682
442,12479
6745,17315
6249,9712
8507,12887
5800,16838
5166,9814
6878,8849
7295,16851
3772,13513
8791,16587
3581,11235
8149,13445
6635,16033
7171,8940
7748,11419
4441,9735
5885,13667
8302,15335
1703,17445
5317,10823
1509,9327
5642,17425
7573,16372
2691,15736
2006,14359
1180,15909
1487,11305
1133,15381
1190,13516
2121,17403
6752,17123
1985,17068
2122,16994
1426,13241
3131,10246
8264,17601
4536,15399
1069,11862
4423,17805
5727,15940
4628,11679
2007,12521
3298,14975
2953,14135
4032,12806
5929,10234
4272,10450
3428,10787
3986,10425
1599,10690
2424,9615
2985,9160
1404,13929
2126,16104
606,12480
3461,8875
5664,17414
79,9204
5044,13924
2921,17722
6224,16320
2719,10174
7204,11024
6569,10455
3888,8924
7097,14133
1403,16534
1378,16509
7386,11875
3228,17161
8725,10265
191,13826
3274,10075
1164,10025
517,17932
3679,15132
2777,11533
1143,14625
8420,10581
4689,11107
3707,15455
4378,15398
2933,17906
6483,9111
1962,9098
6362,12098
2368,10846
4924,14398
4574,12295
3366,12594
1105,10856
7151,15136
8685,11141
4915,8930
5476,10265
2202,10869
1483,13392
3932,14787
661,12835
3572,14635
8802,14074
965,11735
5232,16394
87,17276
6015,17192
5026,11258
8826,12356
8074,12235
7255,17092
6527,17094
7557,16302
3713,12999
5990,15182
3924,13916
4953,16385
3671,13876
552,12168
5483,9905
5982,17310
8705,13934
5130,12706
2824,12008
4454,16065
2540,17424
3630,14524
3270,16958
2891,13164
6469,11142
462,16817
379,16889
469,17934
8820,11334
6022,11648
320,9759
5060,16786
5347,16030
6116,14494
3465,9457
6091,9989
2859,13904
6070,13708
1968,14251
911,17138
1324,11390
1598,14932
1938,9363
4864,12293
8460,9718
235,9133
8816,10009
1189,10609
1786,14004
8265,11284
3211,16528
958,17708
5446,13916
1732,16786
6066,17864
2847,14679
1982,17413
6206,12579
6132,17184
1553,12743
8792,10923
6568,14279
2804,12438
52,9780
5678,13969
2453,11511
6323,10518
2238,16727
7190,10153
7373,12009
6928,13011
4239,16582
3225,16869
7018,16073
4383,17465
8364,15030
8306,12267
6376,13387
1681,10545
6774,15154
257,13807
2756,12910
4729,16661
5943,13656
6502,12253
5132,14243
358,15610
5853,17516
6459,12204
1076,12238
6895,13731
1915,14162
6699,14901
8470,11865
1640,13465
7169,9487
573,14549
7474,10385
8555,14796
1018,17566
4067,9050
921,8886
1894,16062
4035,14970
5814,17690
4322,9686
846,10571
5694,13801
2932,16550
2742,9720
2136,14753
2208,16733
7717,13445
567,10564
5679,16722
5323,15475
5669,17703
3152,10026
1839,9272
4347,15015
7895,9987
7835,12915
3510,11941
1510,11168
4769,13065
6899,11737
6751,15043
6423,10577
4627,9932
2110,8935
2534,17257
6541,12578
5539,15802
4663,15493
4214,16547
618,14825
3659,10007
8462,11012
4545,11518
3590,17505
4744,12331
7046,16267
2760,9775
4789,13167
8717,10488
5042,13708
313,14127
4972,11338
2396,14313
6983,10114
1022,9270
1960,15997
3157,11838
3633,15452
5675,16295
1898,14617
566,13153
2152,16661
5383,12127
3717,11200
5218,12778
4058,9934
3385,17878
3738,16051
6467,13373
6238,11506
4752,10349
6781,16285
4107,8991
1137,14645
5266,13330
7983,16292
2668,12197
6919,16393
6552,15466
7679,9375
3559,10221
6769,14692
410,10775
4255,12027
8373,15869
3691,14736
1542,15875
2871,16210
3509,17168
8130,11463
5194,14501
6905,16580
4463,13310
1670,9904
5636,11606
7656,15817
2754,10589
6217,12248
6998,16284
1440,12067
6353,10497
4119,10020
77,11447
924,12151
7901,16855
868,17311
3604,10132
3237,14508
4745,17322
8097,9202
5451,15303
838,11674
3136,16204
6516,14690
2323,9862
8726,13254
4528,12599
7356,13779
396,12495
291,15435
2558,12205
7269,17337
7461,10153
7716,9189
476,16802
2531,14340
2544,11765
3698,9971
7099,15851
2899,13205
4108,9744
900,13612
3163,14052
8773,11418
4042,15086
607,16468
1626,17398
8688,11313
1341,11667
8127,15540
1753,9019
7559,17227
5029,10524
743,13259
6135,12220
980,9513
5465,15042
4121,12773
7328,12209
8667,16775
7435,17260
4937,17301
3958,17153
1066,16420
1406,11429
1677,10065
4811,15077
7019,13289
4807,11594
775,15930
8500,17593
6522,14763
6395,13000
4766,17624
8136,16690
1258,16864
4208,10628
601,9943
5305,13419
2312,14832
3386,14271
1235,16992
4963,16882
274,10069
5183,17757
8556,13491
2682,11646
4047,10053
3845,11838
2327,12511
649,15176
3504,10801
4066,14481
2548,9923
8827,16724
6208,9432
1789,9088
5477,13741
5817,16643
7751,16953
151,10572
3222,12347
2713,10877
2589,13960
7291,12833
3774,10240
1400,15429
5187,14991
3804,8874
994,14384
428,15595
7723,10561
2714,11965
119,14992
1067,8971
8770,9989
3500,12916
3397,13680
5184,15505
1657,9160
7475,11209
464,15632
581,15902
7518,13315
1218,13745
3007,9268
7776,10698
3390,13572
6553,9610
6485,12112
5454,14289
267,11854
8599,17138
200,9596
4530,13998
3528,16957
4367,12261
1396,14985
7946,15601
3454,13921
8250,12097
1727,15600
6036,13849
7781,10919
7220,11248
2195,10239
8066,9133
3767,13302
1517,15945
2471,11614
1338,16875
285,14321
3252,13325
4373,10914
3431,13953
4134,11639
7437,10227
3350,13731
735,9602
7109,11009
5263,11146
1214,10247
5918,11365
5815,16780
1682,15480
5095,9912
2817,15172
5538,11877
216,11272
1847,9247
554,14538
2232,10816
3379,16124
5556,9159
3339,15166
5535,12130
5223,15376
6660,10772
977,11283
232,14371
4579,8931
5285,16087
5765,15069
2706,13918
5226,13770
839,12897
1987,10946
7633,12197
7512,9138
982,11672
4391,17738
6655,9108
1890,11669
5852,9577
2395,10311
1216,15497
1920,11680
305,16250
6627,9911
7833,9239
8406,10106
2769,16490
3127,13798
8399,15818
864,14173
6048,9354
5994,10378
4304,16497
6662,15992
3480,12131
5099,11631
6127,16067
1659,17739
3991,11629
1591,10582
8558,15271
1222,16848
4316,12517
2040,16518
629,12372
2604,16993
1873,10228
6560,16412
509,14554
3107,8898
4174,14797
5172,15282
5789,13706
8583,13047
3329,9063
3360,10517
1739,12594
3056,9586
3501,11757
5251,17848
1891,10110
538,10764
1388,10355
8344,11590
1526,16988
3318,12928
7925,9043
5271,9310
5064,9600
5122,14986
6254,9935
7432,9425
1861,12169
7653,9328
6466,10048
663,13415
3534,15962
5109,17869
5915,11903
8591,10319
2675,12892
1539,14476
827,12448
189,16217
5719,12373
5235,16020
569,15685
6222,17848
8596,15930
8784,12019
4048,10600
8288,10618
3370,15544
4858,15756
3096,11301
4475,12196
5969,10912
8525,14752
1964,16678
315,10656
4809,16074
279,9106
2631,10161
5807,10966
2528,16597
479,10003
8091,15755
6776,9496
7075,16699
1101,14389
4163,12807
1776,9343
7452,10662
10,15268
2989,15352
8305,10072
6456,16634
1955,10007
5279,12237
3355,12816
7,12496
8236,12559
6187,10586
3306,17847
104,11781
5237,12514
1364,14399
2150,12918
3825,12651
3664,8958
4681,17413
236,9518
3215,17414
3817,12198
5813,13846
6984,14270
8171,13218
4919,11863
3832,9412
6650,17254
2410,11779
6218,13200
6164,11816
6404,9240
7949,13064
7365,15032
6310,10780
4938,10691
5181,10825
8821,16142
5993,14621
5734,13753
759,13076
5684,15953
2041,11539
3751,9762
6163,17521
6212,12368
8135,15815
930,16994
2101,12752
4756,17872
2868,11481
7448,16568
937,11866
8678,16890
6279,13338
8670,16690
5287,11156
4064,12554
6446,9184
5085,13275
3076,14713
5930,16475
3116,14076
351,9926
3421,17316
688,14702
2698,10806
2428,16920
1272,12891
906,11162
792,14322
2491,11044
7150,11711
3161,14844
1206,11304
3778,17128
8329,15307
1931,13802
4926,13189
6265,14610
7353,8904
5515,10584
3174,9166
324,13588
6271,17863
545,10537
268,11235
8381,9328
3035,9318
5755,10145
540,15803
2893,12357
6815,14182
5530,16362
5377,9502
6184,11005
1136,13856
2338,9394
1980,15082
5985,11064
2501,13463
82,17374
450,10167
4353,10271
3730,10216
4721,10626
4171,13635
2841,12589
7160,17163
2239,9128
2738,13724
551,12847
7372,15051
5045,10515
3527,13776
3950,12789
2533,10560
3485,11877
8380,10353
5198,10965
3898,15655
7970,13743
2651,12589
8548,17838
128,9634
6976,12794
1177,9710
1369,14897
457,17588
66,10367
2963,15838
6391,10840
8587,8851
4057,17388
438,11894
4825,14504
8756,8837
3673,10471
6853,17538
3623,9847
6854,12766
953,9390
4176,12882
5239,15847
2598,13120
5103,10655
7026,11488
5860,13165
6148,15342
1405,17374
6123,9690
7264,12887
5667,12074
2328,12889
1379,17350
8634,10938
7266,11454
5555,15265
4943,10834
1845,8892
2407,9118
901,16642
6373,16883
4133,9784
7528,12703
4302,17070
3955,11316
7670,12334
796,16447
4605,16604
4277,17024
6448,11242
5490,10669
1252,16235
2669,14639
5835,13500
3140,10452
5805,11017
7521,9064
2607,11311
5601,11663
2980,9475
5612,16053
7942,17951
7966,9037
6777,12056
874,12147
4777,16860
7611,9993
2170,15705
5628,15064
5419,11818
4884,12651
3536,9425
1163,10655
705,14951
7996,16676
4503,8905
3053,17187
40,16393
3884,10066
2037,13886
1820,13310
2075,16043
2319,14044
4887,13900
2206,17454
3723,17159
2576,12344
928,14923
7630,9145
5883,9493
5381,12669
7506,10372
5848,16089
1340,15576
8251,13186
3055,15326
4033,10343
7247,13270
6267,10809
199,10644
789,15809
6489,12516
6953,15569
5406,11422
6817,12836
484,17221
8389,13543
3785,9549
6012,13924
1754,9883
7397,9666
3569,10186
4726,14097
6996,14992
7216,9701
2444,16747
6037,12608
4352,11892
92,13444
288,12860
1024,14253
8472,14334
6160,14555
697,16954
1737,14084
7128,9001
1602,15227
4590,16171
7694,15383
6977,11868
6548,15440
7767,13488
8740,16016
1348,10376
2728,11488
2472,9066
6114,17080
1306,16079
3743,9914
5698,12945
1575,13929
27,14250
5012,13935
4876,17360
1534,17347
2559,10452
6879,10122
7302,10216
5873,15749
8438,14948
2757,15753
589,10294
3625,16001
1363,17195
941,9830
5965,12237
3333,16207
3304,12829
6439,17287
1852,10602
4836,14027
2751,9671
1540,9544
250,11856
5167,13145
304,16736
640,14859
4109,17613
5051,16628
6197,15697
6454,14004
6638,16592
5021,17162
8291,9559
2336,9464
2591,15121
7903,10985
2493,12845
7460,10628
5445,12122
6675,14916
5702,15325
7927,11333
3341,10655
7715,13693
1730,14026
5017,11579
5508,17781
6707,10765
1195,12604
7931,9550
2043,13750
6056,17232
7485,16485
8811,17078
4284,12013
3573,9743
1530,12529
1574,15481
4394,16838
3407,14950
6620,12939
8027,9340
1648,15539
4800,12201
5542,10633
1792,11127
4685,12991
7236,15224
8278,10551
3818,11408
1280,9408
2636,12548
8215,14633
6665,17910
8375,15034
2026,9069
1096,17742
8475,12642
995,11025
4095,12566
6183,16462
4556,9629
2378,16493
5932,13848
2580,16678
2131,11815
2019,15961
3598,10336
3938,14666
376,11307
7341,10281
3189,12816
731,15876
6258,8856
2583,16362
4585,9469
3486,13736
8715,11101
3621,10155
7800,12553
6145,11470
6622,11386
6001,12455
1771,17402
8495,15746
8711,9038
695,10646
4882,14559
3973,15012
6798,16431
8588,15093
4796,16596
1718,11919
6770,12489
8347,13507
6800,16638
5148,9455
7319,8969
5344,15366
8028,14206
71,8962
1989,10992
3775,15819
7431,14996
3624,10927
1458,15063
5598,9902
72,9753
4296,13836
524,9209
2848,15110
3948,12810
1121,15184
5786,14982
8752,17944
1490,13526
1223,16944
6538,10270
6609,11057
6335,14221
7361,9320
5644,12737
6709,9361
960,14144
5975,17439
1147,17515
1266,12151
7649,10582
4213,12139
8343,13391
2849,11602
8185,9430
5121,16310
2535,16048
8259,17908
6873,17709
2613,9223
6511,13292
4106,13742
6228,17371
806,13706
2497,15120
7193,13922
6284,9729
2224,8959
2885,10295
6549,14202
843,17954
932,16152
8398,12749
2597,12507
3728,16438
2262,15426
5820,10445
2723,12854
8286,17919
3102,13228
6839,15321
4880,11474
6906,14586
7068,17494
7944,11891
5385,9513
5958,14948
8646,16656
5818,15683
4896,14713
2797,15205
1671,12975
1399,15131
5016,13957
6952,13581
4237,12644
1606,17060
7118,14486
3065,13541
1790,17605
8211,15410
8572,9601
4054,11159
8679,17367
7478,16936
730,14348
4655,17580
7468,17768
2546,16505
1988,8927
1437,14167
849,16607
5028,13112
6319,15848
2890,9193
8727,12154
8131,14104
3514,15696
725,11437
4160,15230
6477,10484
1234,14685
4601,17651
7357,10539
6410,15768
3790,15474
4854,9689
2905,14387
4340,9427
5108,10382
8312,12884
5111,13666
8310,15868
7231,14762
230,9695
2047,13438
6746,16306
3013,10392
6382,16235
3472,15539
4535,11460
473,15860
709,11214
5190,12813
4725,15042
6033,12479
3513,17462
5680,17761
5776,11660
5142,11477
61,13762
4694,11629
1131,10681
6780,14960
4563,14293
7692,13546
770,11067
367,13277
6970,8843
4041,13808
6586,13824
1491,13555
25,11710
2881,17748
6325,12902
5635,10391
588,16906
7819,12786
6304,11442
8176,14653
5767,17318
1442,14202
3296,9188
5955,11365
8272,9738
1165,14225
4718,15206
3267,13513
4241,13014
3099,9747
482,16550
8112,14216
3345,17579
7358,12956
1848,14324
8109,14353
2946,17730
5067,9420
1573,15833
5310,16557
6005,12387
1376,17790
8544,13209
1061,13484
5460,17954
2221,10241
4294,10488
2886,15332
8158,15084
667,16255
486,16016
2692,10134
6916,16770
4853,17651
6966,17085
4262,17250
2650,13055
431,11295
1174,14941
8371,11323
3148,15310
1476,9307
8658,14752
1810,15503
7499,13164
8530,12423
8766,17544
620,16432
1202,11622
6096,11427
1724,14605
2044,8953
1607,9483
3748,13705
2252,11667
4498,11612
5541,16122
63,14961
14,10231
3963,10330
1343,13496
4150,13719
4306,10523
5703,17727
2486,12162
5876,10987
5155,15217
2834,13427
3847,12490
6346,10810
984,15368
7123,16243
2525,15420
3221,13351
6790,16556
3224,17067
217,10285
8454,12514
4145,12399
427,17031
2649,13572
1327,10985
7537,17784
3292,13207
2805,17791
2421,8901
7374,14496
859,14438
726,13611
8759,11528
1339,13774
3891,12613
8123,16688
6747,15788
1273,15145
7398,8973
3705,8845
3362,13601
2134,13220
2516,10214
979,17554
3044,15876
1275,14909
2717,15398
3085,9139
414,14895
3384,14469
5748,17816
1631,12711
5047,17020
3505,14248
8167,14756
7936,17448
3245,10488
116,12806
4648,11168
5750,16308
1927,17141
3893,15327
5136,15850
4525,10808
5440,16392
5977,14704
225,9745
1805,15480
4517,17768
404,16453
5646,16386
5165,13354
1160,15047
6918,17347
2307,15338
1994,11035
1498,14067
7947,9696
3477,13264
5010,16995
5409,15145
3987,15252
4775,11525
5894,15830
4314,14156
4640,16084
2219,14138
5563,9281
8828,15675
2272,13526
3314,17089
2249,9278
6099,14010
3802,17238
7711,12443
1157,17740
1699,12268
568,17088
1899,10852
7589,10245
694,15121
4404,11043
4571,15543
7312,13562
7275,10897
7359,10973
4223,16877
5180,10833
6714,9451
2072,13052
7815,11585
1937,13677
4949,13962
1800,16420
3933,11231
4792,12584
4014,17120
3263,17220
6072,17009
5730,17348
820,17763
8357,9634
5371,16338
246,13863
164,13848
6973,12283
2151,14249
6232,14373
8150,15241
4320,10841
6848,10195
6370,11948
5879,13651
8721,14168
8751,14241
7662,10976
7763,9521
8060,14996
6305,16908
7325,11689
8501,17157
1672,15393
1877,16838
617,11265
1084,14192
638,14691
4122,11965
8301,9382
7904,9425
7803,12160
7364,14813
782,10590
7101,17350
2248,17229
3944,11630
1025,9350
4787,14654
6429,16437
5343,12605
6803,16401
6269,10524
21,14003
5069,13418
7956,17235
8360,13510
2499,9780
913,13610
3011,17280
3115,11850
6061,16982
7346,14582
6170,10221
2490,15752
3782,17566
4712,13053
6684,9739
247,13923
1268,15630
7871,14302
1760,14130
3093,11219
6453,9819
1783,17213
4918,11456
2391,10685
1807,17729
8017,13664
2596,16789
4361,9375
6040,14069
5213,10486
1182,10873
6495,13319
4178,9542
1236,12339
2776,13985
1959,14918
5087,10230
3364,10024
800,17124
295,13779
2178,14897
8427,14855
4760,11873
264,11541
7738,17373
3547,16991
86,14302
5749,9717
8624,16471
3049,13455
4767,14417
7598,17602
6180,14189
2732,11406
8204,9402
6902,15472
2050,10245
4023,9760
7338,13971
6334,9028
8064,14584
430,11235
3449,11175
7652,12163
3553,11020
5008,9539
1583,10018
3146,11581
2088,10194
8764,14297
4105,15283
2002,14317
8384,11019
6692,10124
7324,16720
3964,12487
445,13463
7987,14452
2752,13188
4676,13916
49,17190
5989,13757
2166,17247
867,13720
2145,16884
5233,14142
5718,10946
1676,12715
5842,14870
6289,9101
950,17514
8095,10838
3016,12360
4581,17286
5919,10286
4982,10830
4827,10516
7439,15777
2250,14311
6912,12652
4438,16960
4135,15027
2578,13227
1287,16154
4256,14037
7368,16179
4582,14108
8795,16736
4089,12373
3246,13572
2645,9317
8545,13502
8724,13623
3685,13303
3456,15383
7021,14343
38,11767
8340,16127
3974,13794
2278,16548
986,12045
363,10101
6207,11811
2620,14690
6275,17869
6841,11525
6191,9732
2970,9864
4691,17965
6668,10230
6978,13588
1849,12256
2310,16890
7039,16805
6632,9349
5889,11339
1238,11973
2205,13449
3641,15630
4716,15898
4485,15382
7612,12713
1183,13905
4245,9199
2972,12098
8330,16145
6893,9436
5971,12029
4519,14736
5516,9646
8612,9915
904,17033
1077,16358
5093,9314
3653,16428
1558,11599
3257,9844
2089,12889
352,11013
6788,10808
2473,12574
5507,12783
4973,16780
2579,17726
1446,16404
6901,14525
3499,13939
7033,9247
644,12324
2872,17078
7866,16227
3210,12608
6608,11516
3683,11992
2730,11206
818,17578
6387,14429
841,9148
2595,11393
3619,14918
5622,16829
1331,12684
3865,10368
5405,15013
1879,16358
7714,12161
1922,13461
4426,15027
8315,15419
6994,9762
4840,16403
4036,17305
5202,17332
747,12865
7745,12812
1608,15339
1030,14985
6582,9764
8015,14588
7910,16096
1344,13843
1114,11351
7200,9350
7795,11019
6225,12851
4013,17004
2992,16083
2724,14129
1690,16395
2181,16775
4701,9196
5708,10065
7139,9375
8297,12662
2639,9691
5976,10259
8762,8978
1377,10757
1841,15929
3103,12061
2345,17438
6574,16425
1822,12484
6711,17110
8010,17294
6273,13175
5,13961
4422,15609
8370,9648
6320,8997
3977,12263
1516,13542
3962,9878
3242,17917
3141,13074
1240,11699
7086,15608
7241,17497
6534,10284
2182,12312
1292,10703
4037,11757
7631,15440
559,16251
7378,11420
2053,10806
8644,15230
5843,11347
8173,13371
3466,10873
3646,13503
4331,16928
5510,17311
6375,11647
4732,8867
388,11697
4824,12572
2216,10610
6227,15546
7127,11974
6104,8913
3494,13522
8815,15596
4885,9540
5812,15378
8641,17792
6379,9791
7786,13539
7416,10614
1916,17292
2343,16228
3591,17380
2575,17897
8227,17477
4687,9581
5080,10627
8467,10486
5073,14991
8308,12853
6341,13590
535,12963
3720,10213
1353,17836
277,12717
3184,13068
6891,15181
3226,14649
2402,16953
7985,11407
5037,13940
2813,12128
3060,17099
4589,16487
8268,17730
1691,17319
3394,14638
8620,15847
5908,9635
5117,10696
3831,10251
375,10133
2618,16197
1383,14374
6176,13733
3655,9136
494,15043
8687,14637
7911,15606
5254,15660
1113,12698
1089,11250
685,10889
2966,12245
1581,9026
3791,9799
3908,12480
1939,11728
8488,14229
5193,14101
2083,15529
7813,9601
3451,12009
788,9660
2765,12746
8155,12229
2997,11252
197,15651
8178,12291
3558,11848
8744,16031
6701,11906
401,12495
769,16893
8830,17100
8444,9292
6266,11038
8079,16708
1715,10679
2369,9354
5318,12415
3497,12584
6587,12202
5689,10493
1357,10058
8172,10927
4126,14475
3398,13032
5399,16507
5962,10209
3072,12196
8528,14910
1535,12418
2884,11392
3850,14760
4455,17342
3968,17463
8076,10430
6392,10416
6672,16291
917,10061
7126,16287
8022,13429
6150,14001
1181,10772
4012,9477
6220,9078
5616,15880
5128,16298
1635,17758
5378,17184
4289,11304
8366,13308
6524,10524
7158,12350
8532,15822
3557,17006
1747,13343
797,12437
7462,10298
7627,12554
170,16583
5655,10946
1321,9920
7246,15727
527,16298
5784,17273
1014,15598
2812,13241
722,12550
7191,17629
7638,16101
1977,11732
2994,15145
5370,11404
6270,11779
8453,16567
1103,14788
4933,9388
5764,17249
3554,8933
6551,9006
1995,14759
3863,12961
6209,17139
3589,9239
1935,10472
3871,11451
4278,14568
96,15965
3089,13775
3637,15272
6313,16375
2261,17626
7032,13133
2590,16670
5248,17312
1756,17098
4782,10519
8275,10900
5763,11230
6768,17099
1300,9859
2199,10267
2504,11069
5079,13222
5589,16125
7830,12716
7395,10646
6350,16752
1652,8957
44,11395
6481,14574
5676,13769
3747,9059
5840,11757
7579,10832
4215,9952
3721,11595
122,12520
2554,14280
1751,10411
8285,15801
7548,11763
5280,11779
3726,15520
7405,17048
7855,14161
1815,17593
4481,16298
1679,8846
681,15329
3939,15804
8192,9348
2042,15370
3078,16072
4339,16090
3787,13331
5801,12998
3487,13778
3532,11270
5912,17704
3185,9096
1215,14282
4360,11259
4326,13998
8065,15591
2566,9900
5071,9725
7199,13504
2831,11233
5299,15283
1504,11759
4077,10663
8677,11255
3859,10322
6103,14281
4096,10149
4898,9274
2311,12306
4501,10200
8789,16684
7322,9186
5757,9665
8023,9246
7684,9003
1041,10701
452,16506
6880,9580
1951,13506
888,8970
4231,14111
630,11382
4837,9045
4137,15885
658,9448
3541,12907
6909,17855
3301,17757
2183,13519
4489,16724
7492,14068
3387,8900
4939,11058
5753,13675
4762,11762
8414,16573
5498,9608
2619,9787
3342,14727
4402,17436
2574,15143
8485,12939
7892,16699
8120,12346
3202,9701
7797,14390
2702,13514
4437,9087
907,14526
976,14634
6166,14142
3223,12188
2085,17708
7760,9805
8396,11186
7270,15834
6579,11914
2939,17005
623,13806
6689,13528
8016,16429
7706,11759
5798,16170
2601,15769
7131,15395
5433,16322
7211,15669
1345,15835
6961,15591
1646,13765
2857,15422
2969,17348
2057,11107
2259,13276
2201,17397
6625,12460
2465,14211
3278,17831
4480,12396
3635,15333
3658,10707
1351,13275
4219,10935
3400,16110
8683,16557
8035,14037
3879,12479
7678,9612
1489,12470
1788,14180
8103,10278
1871,12271
1104,15590
858,9217
957,13088
7619,9512
8279,12579
7710,13277
3942,17854
2647,12297
831,12156
3498,14378
2148,9732
2203,11915
2814,12800
528,10235
5939,10535
4362,14876
3807,17899
8228,12799
5554,13946
5811,9353
6547,10740
5340,8949
7844,13311
8808,15801
6903,13752
2442,17289
3154,12253
5961,10959
7286,11592
4844,17964
6438,9244
8638,16875
3841,10287
8543,15370
206,16707
6295,16896
6331,17809
5984,9272
487,12754
489,9048
850,14660
8053,17695
700,15740
3992,14337
1680,9868
4537,10931
4344,9079
5666,14683
7553,14221
6736,15720
2303,9805
3113,13514
8750,9986
4464,11078
3068,16126
1802,9914
1888,8858
356,9864
8062,15637
6967,10253
4892,17729
5264,13196
541,10751
4751,15564
3549,9440
7287,9519
2240,15985
8534,10123
196,8888
4635,17386
7989,13034
8234,12003
8459,11595
7810,10244
745,10339
3455,13868
8518,11094
7675,16618
7570,12858
290,16789
4165,17406
1860,14749
5740,17105
7458,12884
5832,17778
7006,15222
6913,16897
3442,17587
1251,10278
513,16611
3250,9308
4059,13619
6464,12019
2552,11516
4298,15025
8723,12618
7586,14463
7814,16751
4643,11739
5398,9654
7017,9652
7198,14986
3422,15479
7617,9721
7655,13131
7943,9157
6030,12594
2425,11921
4599,9388
3597,16643
2532,15965
5829,8877
2801,9852
805,9078
5714,13760
1614,15026
8125,11143
5240,13820
6567,12080
6177,15152
4570,13027
7783,12093
8423,9243
198,15841
2365,10713
4392,8957
4443,10585
2340,17821
3704,11943
5593,10457
344,9065
3025,16396
7898,16036
6198,17413
2641,17143
7856,17445
8141,12883
4930,16122
4583,11179
8219,14578
5897,16083
7177,17259
5627,11304
5967,11554
7527,13457
4226,15891
3042,10629
8640,9504
6472,16987
1432,11891
6926,10008
1207,15960
1434,9834
2231,14764
6124,14049
3971,9202
2912,10245
5358,14789
8659,13045
4290,9091
4875,16043
5935,14761
2573,17844
6738,14501
6064,16347
7393,13216
2353,9338
5906,11537
263,13610
2162,14812
4799,9028
8295,12125
669,11037
2816,11246
2399,10137
2806,14890
4650,13500
5138,12987
8492,12993
2879,12383
2518,12789
1586,12886
4814,15374
5258,12688
2793,12071
4430,16219
7014,13563
4357,17891
8552,17616
1992,17469
2843,9284
1071,16462
2652,10466
1374,10268
529,11407
4232,14637
5493,10400
8290,9626
8199,14670
8668,15151
7380,17374
3036,9887
6685,15656
5647,16085
6924,17793
1362,11443
1380,12826
733,9610
7610,10928
3000,11620
5325,8979
8376,16487
8132,15170
1277,11313
4155,10135
4560,14140
3396,11324
89,10740
329,13566
5751,10680
1309,8903
2677,11958
2704,17109
8269,10553
1505,10137
710,11068
1761,12619
3795,11241
7792,17628
8270,17784
4659,14058
7870,11207
2929,16248
4511,9688
1349,14247
3776,13078
6372,11378
2127,14561
424,15603
4947,11804
4804,8965
7730,14772
689,14108
1179,14956
17,13438
5355,11715
8553,15039
5670,14208
8603,9241
8479,11284
4389,12958
1551,14058
1803,16633
7484,17433
1524,16824
4247,13868
8504,14575
3295,10746
7202,12968
3169,12393
6192,12444
5590,15076
1314,8831
3561,17216
596,15444
8025,14873
3693,17564
7179,10220
3805,16578
4784,16983
553,17522
1031,12944
1231,10219
4046,14749
1621,14351
3727,10850
8083,13681
4224,10696
8645,13828
3684,9194
8614,10322
383,16821
5884,10116
721,10567
262,12545
5696,16681
7480,12358
8675,15299
7993,10689
1417,9431
4188,16210
1612,16631
4786,8981
6303,12828
3562,10127
6971,10859
97,10629
8419,16071
7113,12352
8571,11632
7280,12275
395,13588
8464,13393
5825,12832
2633,14381
8722,16098
2263,9004
570,15870
4600,9462
4746,13109
5480,12998
5575,16910
346,17415
578,13644
949,10739
3678,11242
4890,10808
7863,16269
5586,9079
4992,9485
422,10785
432,14544
522,16589
826,12362
764,14702
8117,9586
1230,17793
3960,13203
5540,13694
6647,13466
8261,13537
5224,14613
4029,17549
4205,13471
3335,10416
7867,13169
6501,10610
4830,15110
691,8863
3009,17607
3193,12278
5261,16811
465,17420
5442,11664
5640,13817
2922,9707
8073,12353
7226,17197
5787,10971
5437,10773
1171,10531
1249,17805
4044,10978
6910,15094
4561,14710
1742,16118
3088,9577
1000,9177
973,11531
8817,9691
3417,12149
4395,13720
2733,16484
6612,13208
5199,14762
4903,9095
1239,14420
4190,12063
6934,11595
125,12691
7713,16033
3151,9419
6146,15582
5414,11676
3613,9972
4172,10820
1567,17918
5950,16284
4397,14732
1423,11565
7912,16590
8769,17148
2174,12236
2815,9252
572,11504
6441,14923
8630,17292
4143,12210
762,9903
2889,12104
8466,14348
7796,12117
7727,12648
2386,12480
5770,13623
6074,17690
7469,13108
5974,13967
627,9229
6888,15058
2712,10737
2135,10088
2611,16789
4425,11534
7784,14333
5605,8856
6607,14387
1554,11018
3786,9912
1618,11465
7124,9986
5544,16017
2405,9401
5568,15026
1878,9285
3564,16126
5334,16709
5521,9337
4008,12911
2079,14071
5900,8987
5315,9267
7337,12274
4521,13999
1264,12069
7969,9697
7249,16947
5054,16189
5782,17661
1867,9000
412,13348
6443,11311
272,15409
5453,10428
7106,17162
3546,12754
4941,14860
1655,16500
5505,8904
4086,16959
4772,15080
6540,10863
5632,11428
8594,15146
1091,10787
6041,9866
1709,8917
1429,10280
2854,17067
3801,16880
4283,10623
2016,17301
3450,15923
4243,9878
3881,11347
6889,11096
8699,17695
3588,10780
2035,16470
1978,15454
3526,15035
1696,12044
1600,10686
4603,10674
4682,14530
7406,12690
7660,13465
7403,12241
2853,9184
993,11854
3409,13433
2923,12458
6718,15319
7908,10786
2197,12520
6885,9728
6131,9300
4979,15572
753,17290
8400,16610
3636,9562
5525,13773
591,17333
293,10151
2102,12442
2915,8859
2606,12151
6921,10131
4211,12860
3556,12824
6482,12636
2354,10119
3903,9351
5221,9236
6299,16053
214,17186
7394,9537
3091,15753
4624,17696
6182,17383
2184,13708
1862,10113
3593,16771
3531,10883
6539,14555
4499,8834
4614,11433
4156,14483
2463,11970
6532,11042
4187,16535
154,15610
3677,14223
2325,16616
4821,14822
5905,16241
833,15040
4586,14952
167,14193
5903,13471
3401,10978
6911,14056
6426,16929
7922,17042
856,14194
256,9157
8080,14999
8046,13712
7978,14770
3524,12419
8003,15833
8509,16911
169,15581
5304,14281
3077,15255
2157,15198
1749,17351
2593,11525
1947,12355
1307,17282
3293,17898
8451,15051
3936,16427
5282,15207
2637,10809
7007,12236
3993,11179
1787,17656
2479,8944
1559,9454
565,10351
4419,12375
1141,17632
4940,16390
5200,13257
822,15658
1494,9545
8196,13577
3109,13358
5415,13692
5899,13753
6535,14681
946,13944
6640,13327
6479,16376
7327,14549
6435,15365
4197,9062
6721,16743
6915,11636
5236,13578
3718,14168
7426,16089
7632,15441
2829,8868
7909,9373
1342,10566
2982,14901
7263,9849
1453,16273
8468,16062
7045,16505
4889,12605
6231,10920
3889,9600
790,15464
3004,11606
3128,17434
3917,17688
7117,10115
543,10590
4124,16488
1274,16582
5260,14994
5188,15099
3724,10108
628,9230
2506,10141
6749,14501
1961,17929
3631,11678
2974,17784
2440,10747
7556,9980
8665,9619
5623,11727
5826,12153
6202,11427
5116,9342
7533,12729
5101,14551
8325,9525
4866,16112
5497,13471
3640,9110
4817,15383
719,9026
5059,15283
3829,10175
1043,14690
6486,15531
1624,16295
1713,17010
5259,15482
5937,9730
2346,15113
3733,12143
7546,9559
1452,17702
6142,9516
7636,14670
626,9577
7367,16707
6681,14058
865,13884
6278,14159
6237,15108
532,11245
4192,15806
2845,16832
7463,10700
6838,10418
2288,17963
516,16143
3029,17596
1448,17885
3789,9664
1768,12838
5082,14637
1005,16936
4195,16851
7391,10289
7371,9321
1827,11752
7839,11372
2300,16538
3756,11831
3317,17261
8052,12722
4398,17355
4765,9502
8519,17154
187,12949
3043,17550
4668,12168
5713,15687
6079,9659
4393,14953
6613,11153
6130,8976
7752,17533
