tag:all_by_itself,cart:all_by_itself,user:all_by_itself,media:partially_by_itself,phone:all_by_itself,stock:all_by_itself,camera:partially_by_itself,coupon:all_by_itself,laptop:all_by_itself,review:all_by_itself,tablet:all_by_itself,address:all_by_itself,apparel:partially_by_itself,desktop:partially_by_itself,product:all_by_itself,reviews:all_by_itself,category:all_by_itself,clothing:partially_by_itself,computer:partially_by_itself,customer:all_by_itself,employee:all_by_itself,footwear:all_by_itself,po_items:all_by_itself,shipment:all_by_itself,software:all_by_itself,supplier:all_by_itself,wishlist:all_by_itself,accessory:all_by_itself,appliance:partially_by_itself,custorder:all_by_itself,promotion:all_by_itself,warehouse:all_by_itself,smartwatch:partially_by_itself,electronics:partially_by_itself,menclothing:partially_by_itself,order_items:all_by_itself,pricehistory:all_by_itself,product_tags:all_by_itself,productimage:all_by_itself,supplier_pos:folded_to_many_side,user.mv_user:contained_in_parent,warehousebin:all_by_itself,bundle_phones:all_by_itself,cart_contains:all_by_itself,order_coupons:folded_to_many_side,order_returns:all_by_itself,payment_order:all_by_itself,paymentmethod:all_by_itself,primecustomer:partially_by_itself,purchaseorder:all_by_itself,womenclothing:all_by_itself,courierpartner:all_by_itself,digitalproduct:partially_by_itself,productvariant:all_by_itself,bought_together:all_by_itself,browsingsession:all_by_itself,customer_orders:folded_to_many_side,physicalproduct:partially_by_itself,suppliercontact:all_by_itself,businesscustomer:contained_in_parent,kitchenappliance:partially_by_itself,bundle_components:all_by_itself,category_products:all_by_itself,courier_shipments:folded_to_many_side,supplier_products:all_by_itself,wishlist_contains:all_by_itself,software_downloads:all_by_itself,customer.contact_no:contained_in_parent,product.mv_attributes:contained_in_parent,bundled_phone_accessory:all_by_itself,primecustomer.subscription_addons:contained_in_parent
total insert query workload cost: 284.12143002086873
select * query individual nodes cost: tag:11915.7,cart:891671.565043432,user:169459.4,media:48578650.749132514,phone:67600.1,stock:2351928574.0457315,camera:12530134.524365004,coupon:839346.226927908,laptop:13967.0,review:530369.6798642775,tablet:10000.0,address:2613091.018561375,apparel:117138801.4547858,desktop:180385088.36844385,product:1847646.0200000003,reviews:46611.17865322322,category:13997.800000000001,clothing:143042746.82986543,computer:147403940.33579642,customer:103698.5,employee:22500.0,footwear:2864.2000000000003,po_items:25359998.45675078,shipment:489635.08460185194,software:1500.0,supplier:10454.900000000001,wishlist:970130.6049252335,accessory:14489.800000000001,appliance:16102602.915361628,custorder:9229.9,promotion:14973.800000000001,warehouse:8798.2,smartwatch:34805764.47352696,electronics:578947112.9564828,menclothing:158454607.51658145,order_items:17093402.331271786,pricehistory:1757174.669339162,product_tags:5169992223.410507,productimage:3571775.277212554,supplier_pos:2290142.384727214,warehousebin:198783.4962171942,bundle_phones:52847628.227490075,cart_contains:7467410.77241089,order_coupons:233081.12892974584,order_returns:2986994.534231435,payment_order:3994745.7317308765,paymentmethod:2910412.7987392955,primecustomer:2098396.359502582,purchaseorder:15431.39,womenclothing:11736.2,courierpartner:6310.700000000001,digitalproduct:28078711.101067048,productvariant:5559982.321374516,bought_together:4834656697.304157,browsingsession:1921783.7075451545,customer_orders:1574311.010659917,physicalproduct:359928545.1274151,suppliercontact:821249.3817287779,businesscustomer:103698.5,kitchenappliance:18214480.97785651,bundle_components:991846638.4092295,category_products:111342032.94769683,courier_shipments:362843.58419669146,supplier_products:6394235.701335495,wishlist_contains:11147398.633814365,software_downloads:1019834.5115143808,bundled_phone_accessory:33867299.548344344
estimated total cost: 58506109.60532583
insert workload exec time: 78.34397300121054
select * workload individual node exec time: 
laptop,tablet,accessory,womenclothing,footwear,software,employee,customer_orders,order_returns,bundle_phones,software_downloads
6.181,4.357,6.641,5.374,1.377,1.538,9.925,136.954,163.669,1089.909,374.418
1878.6869730012106

tag:all_by_itself,cart:all_by_itself,user:all_by_itself,media:contained_in_parent,phone:contained_in_parent,stock:all_by_itself,camera:contained_in_parent,coupon:all_by_itself,laptop:contained_in_parent,review:all_by_itself,tablet:contained_in_parent,address:all_by_itself,apparel:contained_in_parent,desktop:contained_in_parent,product:all_by_itself,reviews:folded_to_many_side,category:all_by_itself,clothing:contained_in_parent,computer:contained_in_parent,customer:contained_in_parent,employee:contained_in_parent,footwear:contained_in_parent,po_items:all_by_itself,shipment:all_by_itself,software:contained_in_parent,supplier:all_by_itself,wishlist:all_by_itself,accessory:contained_in_parent,appliance:contained_in_parent,custorder:all_by_itself,promotion:all_by_itself,warehouse:all_by_itself,smartwatch:contained_in_parent,electronics:contained_in_parent,menclothing:contained_in_parent,order_items:all_by_itself,pricehistory:all_by_itself,product_tags:all_by_itself,productimage:all_by_itself,supplier_pos:folded_to_many_side,user.mv_user:contained_in_parent,warehousebin:all_by_itself,bundle_phones:all_by_itself,cart_contains:all_by_itself,order_coupons:folded_to_many_side,order_returns:all_by_itself,payment_order:folded_to_many_side,paymentmethod:all_by_itself,primecustomer:contained_in_parent,purchaseorder:all_by_itself,womenclothing:contained_in_parent,courierpartner:all_by_itself,digitalproduct:contained_in_parent,productvariant:all_by_itself,bought_together:all_by_itself,browsingsession:all_by_itself,customer_orders:folded_to_many_side,physicalproduct:contained_in_parent,suppliercontact:all_by_itself,businesscustomer:contained_in_parent,kitchenappliance:contained_in_parent,bundle_components:all_by_itself,category_products:folded_to_many_side,courier_shipments:folded_to_many_side,supplier_products:all_by_itself,wishlist_contains:all_by_itself,software_downloads:all_by_itself,customer.contact_no:contained_in_parent,product.mv_attributes:contained_in_parent,bundled_phone_accessory:all_by_itself,primecustomer.subscription_addons:contained_in_parent
total insert query workload cost: 292.3349010344774
select * query individual nodes cost: tag:11915.7,cart:1045725.565043432,user:154054.0,media:1931629.9299999997,phone:1931629.9299999997,stock:748127416.2146966,camera:1931629.9299999997,coupon:839346.226927908,laptop:1931629.9299999997,review:763979.131843919,tablet:1931629.9299999997,address:2767145.018561375,apparel:1931629.9299999997,desktop:1931629.9299999997,product:1931629.9299999997,reviews:168266.88158248167,category:13997.800000000001,clothing:1931629.9299999997,computer:1931629.9299999997,customer:154054.0,employee:154054.0,footwear:1931629.9299999997,po_items:6641796.171513451,shipment:494585.6632214946,software:1931629.9299999997,supplier:10454.900000000001,wishlist:1124184.6049252334,accessory:1931629.9299999997,appliance:1931629.9299999997,custorder:10433.800000000001,promotion:14973.800000000001,warehouse:8798.2,smartwatch:1931629.9299999997,electronics:1931629.9299999997,menclothing:1931629.9299999997,order_items:4438425.059366764,pricehistory:299995.0630528317,product_tags:1345422412.9339464,productimage:609794.2157912512,supplier_pos:2290142.384727214,warehousebin:198783.4962171942,bundle_phones:57234089.6467917,cart_contains:2679565.558215596,order_coupons:234216.50728456356,order_returns:775594.6496777956,payment_order:2921240.070719675,paymentmethod:3064466.7987392955,primecustomer:154054.0,purchaseorder:15431.39,womenclothing:1931629.9299999997,courierpartner:6310.700000000001,digitalproduct:1931629.9299999997,productvariant:949232.4674249181,bought_together:825400665.0869898,browsingsession:703878.6788589663,customer_orders:1728365.010659917,physicalproduct:1931629.9299999997,suppliercontact:821249.3817287779,businesscustomer:154054.0,kitchenappliance:1931629.9299999997,bundle_components:169333817.53119522,category_products:13837076.831678003,courier_shipments:364694.6099769013,supplier_products:1658616.2180141374,wishlist_contains:3929002.8102593455,software_downloads:3111253.311793768,bundled_phone_accessory:38085197.47931447
estimated total cost: 74593428.53382422
insert workload exec time: 60.44458900396421
select * workload individual node exec time: 
laptop,tablet,accessory,womenclothing,footwear,software,employee,customer_orders,order_returns,bundle_phones,software_downloads
1096.72,1101.08,1127.282,1118.884,1095.532,1110.67,108.671,222.748,84.04,3307.75,264.572
10698.393589003965

tag:all_by_itself,cart:all_by_itself,user:all_by_itself,media:all_by_itself,phone:all_by_itself,stock:all_by_itself,camera:all_by_itself,coupon:all_by_itself,laptop:all_by_itself,review:all_by_itself,tablet:all_by_itself,address:all_by_itself,apparel:all_by_itself,desktop:all_by_itself,product:all_by_itself,reviews:folded_to_many_side,category:all_by_itself,clothing:all_by_itself,computer:all_by_itself,customer:all_by_itself,employee:all_by_itself,footwear:all_by_itself,po_items:all_by_itself,shipment:all_by_itself,software:all_by_itself,supplier:all_by_itself,wishlist:all_by_itself,accessory:all_by_itself,appliance:all_by_itself,custorder:all_by_itself,promotion:all_by_itself,warehouse:all_by_itself,smartwatch:all_by_itself,electronics:all_by_itself,menclothing:all_by_itself,order_items:all_by_itself,pricehistory:all_by_itself,product_tags:all_by_itself,productimage:all_by_itself,supplier_pos:folded_to_many_side,user.mv_user:contained_in_parent,warehousebin:all_by_itself,bundle_phones:all_by_itself,cart_contains:all_by_itself,order_coupons:folded_to_many_side,order_returns:all_by_itself,payment_order:folded_to_many_side,paymentmethod:all_by_itself,primecustomer:all_by_itself,purchaseorder:all_by_itself,womenclothing:all_by_itself,courierpartner:all_by_itself,digitalproduct:all_by_itself,productvariant:all_by_itself,bought_together:all_by_itself,browsingsession:all_by_itself,customer_orders:folded_to_many_side,physicalproduct:all_by_itself,suppliercontact:all_by_itself,businesscustomer:all_by_itself,kitchenappliance:all_by_itself,bundle_components:all_by_itself,category_products:folded_to_many_side,courier_shipments:folded_to_many_side,supplier_products:all_by_itself,wishlist_contains:all_by_itself,software_downloads:all_by_itself,customer.contact_no:contained_in_parent,product.mv_attributes:contained_in_parent,bundled_phone_accessory:all_by_itself,primecustomer.subscription_addons:contained_in_parent
total insert query workload cost: 291.55946179870546
select * query individual nodes cost: tag:11915.7,cart:2318582.043729927,user:169459.4,media:121468.75,phone:77740.11499999999,stock:5624260777.665079,camera:19435.115,coupon:839346.226927908,laptop:16062.050000000001,review:1585966.7551965024,tablet:11500.0,address:6794728.184444504,apparel:316091.622,desktop:215944.46999999997,product:2124792.9229999995,reviews:116876.35167701432,category:13997.800000000001,clothing:266326.01599999995,computer:268766.70699999994,customer:114068.35,employee:22500.0,footwear:3293.83,po_items:63551875.19456295,shipment:494585.6632214946,software:1725.0,supplier:10454.900000000001,wishlist:2522596.3110564556,accessory:16663.27,appliance:41009.14949999999,custorder:10433.800000000001,promotion:14973.800000000001,warehouse:8798.2,smartwatch:53986.175,electronics:1605035.542,menclothing:194350.0,order_items:42969786.73774564,pricehistory:4730346.080785718,product_tags:12973492610.415033,productimage:9615283.829674067,supplier_pos:2290142.384727214,warehousebin:198783.4962171942,bundle_phones:53370829.7867917,cart_contains:18906218.91306182,order_coupons:234216.50728456356,order_returns:7508775.352928059,payment_order:5138900.475425119,paymentmethod:7567843.497027973,primecustomer:10000.0,purchaseorder:15431.39,womenclothing:13496.63,courierpartner:6310.700000000001,digitalproduct:143951.8135,productvariant:14967573.253854698,bought_together:13014983518.193975,browsingsession:3018335.179117119,customer_orders:4080781.534043,physicalproduct:1972998.2359999998,suppliercontact:821249.3817287779,businesscustomer:90000.0,kitchenappliance:30367.244999999995,bundle_components:2670069140.3115153,category_products:13837076.831678005,courier_shipments:364694.6099769013,supplier_products:16056605.667645425,wishlist_contains:28212100.96849233,software_downloads:1980648.7556859688,bundled_phone_accessory:34221937.61931447
estimated total cost: 67026567.76891053
insert workload exec time: 39.6803590010677
select * workload individual node exec time: 
laptop,tablet,accessory,womenclothing,footwear,software,employee,customer_orders,order_returns,bundle_phones,software_downloads
12.281,7.891,12.621,10.99,2.445,1.263,11.783,233.158,713.625,1120.851,110.426
2277.014359001068

tag:all_by_itself,cart:all_by_itself,user:all_by_itself,media:partially_by_itself,phone:partially_by_itself,stock:all_by_itself,camera:partially_by_itself,coupon:all_by_itself,laptop:partially_by_itself,review:all_by_itself,tablet:partially_by_itself,address:all_by_itself,apparel:partially_by_itself,desktop:partially_by_itself,product:all_by_itself,reviews:folded_to_many_side,category:all_by_itself,clothing:partially_by_itself,computer:partially_by_itself,customer:partially_by_itself,employee:partially_by_itself,footwear:partially_by_itself,po_items:all_by_itself,shipment:all_by_itself,software:partially_by_itself,supplier:all_by_itself,wishlist:all_by_itself,accessory:partially_by_itself,appliance:partially_by_itself,custorder:all_by_itself,promotion:all_by_itself,warehouse:all_by_itself,smartwatch:partially_by_itself,electronics:partially_by_itself,menclothing:partially_by_itself,order_items:all_by_itself,pricehistory:all_by_itself,product_tags:all_by_itself,productimage:all_by_itself,supplier_pos:folded_to_many_side,user.mv_user:contained_in_parent,warehousebin:all_by_itself,bundle_phones:all_by_itself,cart_contains:all_by_itself,order_coupons:folded_to_many_side,order_returns:all_by_itself,payment_order:folded_to_many_side,paymentmethod:all_by_itself,primecustomer:partially_by_itself,purchaseorder:all_by_itself,womenclothing:partially_by_itself,courierpartner:all_by_itself,digitalproduct:partially_by_itself,productvariant:all_by_itself,bought_together:all_by_itself,browsingsession:all_by_itself,customer_orders:folded_to_many_side,physicalproduct:partially_by_itself,suppliercontact:all_by_itself,businesscustomer:partially_by_itself,kitchenappliance:partially_by_itself,bundle_components:all_by_itself,category_products:folded_to_many_side,courier_shipments:folded_to_many_side,supplier_products:all_by_itself,wishlist_contains:all_by_itself,software_downloads:all_by_itself,customer.contact_no:contained_in_parent,product.mv_attributes:contained_in_parent,bundled_phone_accessory:all_by_itself,primecustomer.subscription_addons:contained_in_parent
total insert query workload cost: 350.09843010538236
select * query individual nodes cost: tag:11915.7,cart:1807608.3802556219,user:154054.0,media:48713931.724822834,phone:50357609.51038265,stock:748127416.2146966,camera:12589458.24764191,coupon:839346.226927908,laptop:13479856.266893571,review:1236448.2875439473,tablet:7449339.499554387,address:5297292.645293862,apparel:124678605.84761997,desktop:181228449.49620444,product:1931629.9299999997,reviews:19666.29777452939,category:13997.800000000001,clothing:151898894.6998722,computer:158271497.75654233,customer:22352216.560911506,employee:4849876.060121495,footwear:2066497.5139424908,po_items:6641796.171513451,shipment:494585.6632214946,software:691795.4801158272,supplier:10454.900000000001,wishlist:1966661.5827542867,accessory:10793943.948064316,appliance:16175574.519518968,custorder:10433.800000000001,promotion:14973.800000000001,warehouse:8798.2,smartwatch:34970551.81368309,electronics:633087306.9215326,menclothing:159121661.01368788,order_items:4438425.059366764,pricehistory:299995.0630528317,product_tags:1345422412.9339464,productimage:609794.2157912512,supplier_pos:2290142.384727214,warehousebin:198783.4962171942,bundle_phones:246143834.49587727,cart_contains:3395643.988415527,order_coupons:234216.50728456356,order_returns:775594.6496777956,payment_order:4289594.49849888,paymentmethod:5900027.287231167,primecustomer:4253896.830667691,purchaseorder:15431.39,womenclothing:11050199.041354105,courierpartner:6310.700000000001,digitalproduct:28450888.507583424,productvariant:949232.4674249181,bought_together:825400665.0869898,browsingsession:703878.6788589663,customer_orders:3183219.6723469775,physicalproduct:389946826.4642235,suppliercontact:821249.3817287779,businesscustomer:38285071.47600922,kitchenappliance:18273919.93890197,bundle_components:169333817.53119522,category_products:13837076.831678003,courier_shipments:364694.6099769013,supplier_products:1658616.2180141374,wishlist_contains:5073034.304004397,software_downloads:2944638.4252201184,bundled_phone_accessory:164887921.52119684
estimated total cost: 303429145.15159845
insert workload exec time: 51.48709099375992
select * workload individual node exec time: 
laptop,tablet,accessory,womenclothing,footwear,software,employee,customer_orders,order_returns,bundle_phones,software_downloads
568.28,1309.235,1418.385,512.731,262.638,107.685,227.237,395.511,108.846,19403.3,272.497
24637.832090993757

tag:all_by_itself,cart:all_by_itself,user:all_by_itself,media:contained_in_parent,phone:contained_in_parent,stock:all_by_itself,camera:contained_in_parent,coupon:all_by_itself,laptop:contained_in_parent,review:all_by_itself,tablet:contained_in_parent,address:all_by_itself,apparel:contained_in_parent,desktop:contained_in_parent,product:all_by_itself,reviews:all_by_itself,category:all_by_itself,clothing:contained_in_parent,computer:contained_in_parent,customer:contained_in_parent,employee:contained_in_parent,footwear:contained_in_parent,po_items:all_by_itself,shipment:all_by_itself,software:contained_in_parent,supplier:all_by_itself,wishlist:all_by_itself,accessory:contained_in_parent,appliance:contained_in_parent,custorder:all_by_itself,promotion:all_by_itself,warehouse:all_by_itself,smartwatch:contained_in_parent,electronics:contained_in_parent,menclothing:contained_in_parent,order_items:all_by_itself,pricehistory:all_by_itself,product_tags:all_by_itself,productimage:all_by_itself,supplier_pos:all_by_itself,user.mv_user:contained_in_parent,warehousebin:all_by_itself,bundle_phones:all_by_itself,cart_contains:all_by_itself,order_coupons:all_by_itself,order_returns:all_by_itself,payment_order:all_by_itself,paymentmethod:all_by_itself,primecustomer:contained_in_parent,purchaseorder:all_by_itself,womenclothing:contained_in_parent,courierpartner:all_by_itself,digitalproduct:contained_in_parent,productvariant:all_by_itself,bought_together:all_by_itself,browsingsession:all_by_itself,customer_orders:all_by_itself,physicalproduct:contained_in_parent,suppliercontact:all_by_itself,businesscustomer:contained_in_parent,kitchenappliance:contained_in_parent,bundle_components:all_by_itself,category_products:all_by_itself,courier_shipments:all_by_itself,supplier_products:all_by_itself,wishlist_contains:all_by_itself,software_downloads:all_by_itself,customer.contact_no:contained_in_parent,product.mv_attributes:contained_in_parent,bundled_phone_accessory:all_by_itself,primecustomer.subscription_addons:contained_in_parent
total insert query workload cost: 284.692471137494
select * query individual nodes cost: tag:11915.7,cart:1045725.565043432,user:154054.0,media:1679678.2000000002,phone:1679678.2000000002,stock:745485875.3207147,camera:1679678.2000000002,coupon:729866.2842851374,laptop:1679678.2000000002,review:684423.6798642775,tablet:1679678.2000000002,address:2767145.018561375,apparel:1679678.2000000002,desktop:1679678.2000000002,product:1679678.2000000002,reviews:169641.60035394022,category:13997.800000000001,clothing:1679678.2000000002,computer:1679678.2000000002,customer:154054.0,employee:154054.0,footwear:1679678.2000000002,po_items:6580136.5367677715,shipment:420862.27387107216,software:1679678.2000000002,supplier:10454.900000000001,wishlist:1124184.6049252334,accessory:1679678.2000000002,appliance:1679678.2000000002,custorder:8026.0,promotion:14973.800000000001,warehouse:8798.2,smartwatch:1679678.2000000002,electronics:1679678.2000000002,menclothing:1679678.2000000002,order_items:4378367.238528287,pricehistory:297595.0152033294,product_tags:1339123154.7578735,productimage:604915.6845202516,supplier_pos:4599829.481130407,warehousebin:198783.4962171942,bundle_phones:56206984.62749007,cart_contains:2671426.0025078994,order_coupons:332353.40732781944,order_returns:765099.8178645767,payment_order:4134558.533750325,paymentmethod:3064466.7987392955,primecustomer:154054.0,purchaseorder:13418.6,womenclothing:1679678.2000000002,courierpartner:6310.700000000001,digitalproduct:1679678.2000000002,productvariant:941638.3313116856,bought_together:818797219.4467162,browsingsession:703878.6788589663,customer_orders:3011077.8489492,physicalproduct:1679678.2000000002,suppliercontact:821249.3817287779,businesscustomer:154054.0,kitchenappliance:1679678.2000000002,bundle_components:167979097.6885484,category_products:28955303.400196537,courier_shipments:521249.3950087442,supplier_products:1650816.415362512,wishlist_contains:3916860.0158719867,software_downloads:2853566.7115143808,bundled_phone_accessory:37226655.94834435
estimated total cost: 73069136.89828937
insert workload exec time: 34.27018799993675
select * workload individual node exec time: 
laptop,tablet,accessory,womenclothing,footwear,software,employee,customer_orders,order_returns,bundle_phones,software_downloads
1038.007,1043.974,1065.535,1059.274,1031.773,1059.926,109.407,628.377,90.391,3120.82,100.684
10382.438187999936

tag:all_by_itself,cart:all_by_itself,user:all_by_itself,media:all_by_itself,phone:all_by_itself,stock:all_by_itself,camera:all_by_itself,coupon:all_by_itself,laptop:all_by_itself,review:all_by_itself,tablet:all_by_itself,address:all_by_itself,apparel:all_by_itself,desktop:all_by_itself,product:all_by_itself,reviews:all_by_itself,category:all_by_itself,clothing:all_by_itself,computer:all_by_itself,customer:all_by_itself,employee:all_by_itself,footwear:all_by_itself,po_items:all_by_itself,shipment:all_by_itself,software:all_by_itself,supplier:all_by_itself,wishlist:all_by_itself,accessory:all_by_itself,appliance:all_by_itself,custorder:all_by_itself,promotion:all_by_itself,warehouse:all_by_itself,smartwatch:all_by_itself,electronics:all_by_itself,menclothing:all_by_itself,order_items:all_by_itself,pricehistory:all_by_itself,product_tags:all_by_itself,productimage:all_by_itself,supplier_pos:all_by_itself,user.mv_user:contained_in_parent,warehousebin:all_by_itself,bundle_phones:all_by_itself,cart_contains:all_by_itself,order_coupons:all_by_itself,order_returns:all_by_itself,payment_order:all_by_itself,paymentmethod:all_by_itself,primecustomer:all_by_itself,purchaseorder:all_by_itself,womenclothing:all_by_itself,courierpartner:all_by_itself,digitalproduct:all_by_itself,productvariant:all_by_itself,bought_together:all_by_itself,browsingsession:all_by_itself,customer_orders:all_by_itself,physicalproduct:all_by_itself,suppliercontact:all_by_itself,businesscustomer:all_by_itself,kitchenappliance:all_by_itself,bundle_components:all_by_itself,category_products:all_by_itself,courier_shipments:all_by_itself,supplier_products:all_by_itself,wishlist_contains:all_by_itself,software_downloads:all_by_itself,customer.contact_no:contained_in_parent,product.mv_attributes:contained_in_parent,bundled_phone_accessory:all_by_itself,primecustomer.subscription_addons:contained_in_parent
total insert query workload cost: 283.91703190172205
select * query individual nodes cost: tag:11915.7,cart:2318582.043729927,user:169459.4,media:105625.0,phone:67600.1,stock:5568788418.8914585,camera:16900.100000000002,coupon:729866.2842851374,laptop:13967.0,review:1379101.5262578283,tablet:10000.0,address:6794728.184444504,apparel:274862.27999999997,desktop:187777.80000000002,product:1847646.0200000003,reviews:117230.80311095441,category:13997.800000000001,clothing:231587.84,computer:233710.18,customer:114068.35,employee:22500.0,footwear:2864.2000000000003,po_items:62873619.21236047,shipment:420862.27387107216,software:1500.0,supplier:10454.900000000001,wishlist:2522596.3110564556,accessory:14489.800000000001,appliance:35660.13,custorder:8026.0,promotion:14973.800000000001,warehouse:8798.2,smartwatch:46944.5,electronics:1395683.08,menclothing:169000.0,order_items:42492258.10538707,pricehistory:4679945.075946168,product_tags:12841208188.717503,productimage:9512834.672983075,supplier_pos:4599829.481130407,warehousebin:198783.4962171942,bundle_phones:52847628.227490075,cart_contains:18735288.243200194,order_coupons:332353.40732781944,order_returns:7425329.390143661,payment_order:6352218.938455768,paymentmethod:7567843.497027973,primecustomer:10000.0,purchaseorder:13418.6,womenclothing:11736.2,courierpartner:6310.700000000001,digitalproduct:125175.49,productvariant:14808096.395476814,bought_together:12876311159.748228,browsingsession:3018335.179117119,customer_orders:5363494.372332283,physicalproduct:1715650.6400000004,suppliercontact:821249.3817287779,businesscustomer:90000.0,kitchenappliance:26406.300000000003,bundle_components:2641620023.6159315,category_products:276319322.3585559,courier_shipments:521249.3950087442,supplier_products:15892809.811961286,wishlist_contains:27957102.286357805,software_downloads:1974913.8854065815,bundled_phone_accessory:33867299.548344344
estimated total cost: 67688706.9924045
insert workload exec time: 28.25584000129311
select * workload individual node exec time: 
laptop,tablet,accessory,womenclothing,footwear,software,employee,customer_orders,order_returns,bundle_phones,software_downloads
6.182,4.501,6.609,5.262,2.166,1.68,10.163,262.549,676.569,1074.871,108.746
2187.5538400012933

tag:all_by_itself,cart:all_by_itself,user:all_by_itself,media:partially_by_itself,phone:partially_by_itself,stock:all_by_itself,camera:partially_by_itself,coupon:all_by_itself,laptop:partially_by_itself,review:all_by_itself,tablet:partially_by_itself,address:all_by_itself,apparel:partially_by_itself,desktop:partially_by_itself,product:all_by_itself,reviews:all_by_itself,category:all_by_itself,clothing:partially_by_itself,computer:partially_by_itself,customer:partially_by_itself,employee:partially_by_itself,footwear:partially_by_itself,po_items:all_by_itself,shipment:all_by_itself,software:partially_by_itself,supplier:all_by_itself,wishlist:all_by_itself,accessory:partially_by_itself,appliance:partially_by_itself,custorder:all_by_itself,promotion:all_by_itself,warehouse:all_by_itself,smartwatch:partially_by_itself,electronics:partially_by_itself,menclothing:partially_by_itself,order_items:all_by_itself,pricehistory:all_by_itself,product_tags:all_by_itself,productimage:all_by_itself,supplier_pos:all_by_itself,user.mv_user:contained_in_parent,warehousebin:all_by_itself,bundle_phones:all_by_itself,cart_contains:all_by_itself,order_coupons:all_by_itself,order_returns:all_by_itself,payment_order:all_by_itself,paymentmethod:all_by_itself,primecustomer:partially_by_itself,purchaseorder:all_by_itself,womenclothing:partially_by_itself,courierpartner:all_by_itself,digitalproduct:partially_by_itself,productvariant:all_by_itself,bought_together:all_by_itself,browsingsession:all_by_itself,customer_orders:all_by_itself,physicalproduct:partially_by_itself,suppliercontact:all_by_itself,businesscustomer:partially_by_itself,kitchenappliance:partially_by_itself,bundle_components:all_by_itself,category_products:all_by_itself,courier_shipments:all_by_itself,supplier_products:all_by_itself,wishlist_contains:all_by_itself,software_downloads:all_by_itself,customer.contact_no:contained_in_parent,product.mv_attributes:contained_in_parent,bundled_phone_accessory:all_by_itself,primecustomer.subscription_addons:contained_in_parent
total insert query workload cost: 342.45600020839896
select * query individual nodes cost: tag:11915.7,cart:1807608.3802556219,user:154054.0,media:48713931.724822834,phone:50357609.51038265,stock:745485875.3207147,camera:12589458.24764191,coupon:729866.2842851374,laptop:13479856.266893571,review:1075172.4239512589,tablet:7449339.499554387,address:5297292.645293862,apparel:124678605.84761997,desktop:181228449.49620444,product:1679678.2000000002,reviews:21041.01654598794,category:13997.800000000001,clothing:151898894.6998722,computer:158271497.75654233,customer:22352216.560911506,employee:4849876.060121495,footwear:2066497.5139424908,po_items:6580136.5367677715,shipment:420862.27387107216,software:691795.4801158272,supplier:10454.900000000001,wishlist:1966661.5827542867,accessory:10793943.948064316,appliance:16175574.519518968,custorder:8026.0,promotion:14973.800000000001,warehouse:8798.2,smartwatch:34970551.81368309,electronics:633087306.9215326,menclothing:159121661.01368788,order_items:4378367.238528287,pricehistory:297595.0152033294,product_tags:1339123154.7578735,productimage:604915.6845202516,supplier_pos:4599829.481130407,warehousebin:198783.4962171942,bundle_phones:246143834.49587727,cart_contains:3387504.432707831,order_coupons:332353.40732781944,order_returns:765099.8178645767,payment_order:5502912.961529531,paymentmethod:5900027.287231167,primecustomer:4253896.830667691,purchaseorder:13418.6,womenclothing:11050199.041354105,courierpartner:6310.700000000001,digitalproduct:28450888.507583424,productvariant:941638.3313116856,bought_together:818797219.4467162,browsingsession:703878.6788589663,customer_orders:4465932.510636261,physicalproduct:389946826.4642235,suppliercontact:821249.3817287779,businesscustomer:38285071.47600922,kitchenappliance:18273919.93890197,bundle_components:167979097.6885484,category_products:28955303.400196537,courier_shipments:521249.3950087442,supplier_products:1650816.415362512,wishlist_contains:5060891.509617039,software_downloads:2944638.4252201184,bundled_phone_accessory:164887921.52119684
estimated total cost: 304701355.5156446
insert workload exec time: 39.472619002481224
select * workload individual node exec time: 
laptop,tablet,accessory,womenclothing,footwear,software,employee,customer_orders,order_returns,bundle_phones,software_downloads
579.213,1285.535,1389.824,506.564,261.559,107.573,214.461,360.637,91.806,17738.386,272.557
22847.58761900248

tag:all_by_itself,cart:all_by_itself,user:all_by_itself,media:partially_by_itself,phone:contained_in_parent,stock:all_by_itself,camera:partially_by_itself,coupon:all_by_itself,laptop:all_by_itself,review:all_by_itself,tablet:all_by_itself,address:all_by_itself,apparel:partially_by_itself,desktop:partially_by_itself,product:all_by_itself,reviews:all_by_itself,category:all_by_itself,clothing:partially_by_itself,computer:partially_by_itself,customer:all_by_itself,employee:all_by_itself,footwear:all_by_itself,po_items:all_by_itself,shipment:all_by_itself,software:all_by_itself,supplier:all_by_itself,wishlist:all_by_itself,accessory:all_by_itself,appliance:partially_by_itself,custorder:all_by_itself,promotion:all_by_itself,warehouse:all_by_itself,smartwatch:partially_by_itself,electronics:contained_in_parent,menclothing:partially_by_itself,order_items:all_by_itself,pricehistory:all_by_itself,product_tags:all_by_itself,productimage:all_by_itself,supplier_pos:folded_to_many_side,user.mv_user:contained_in_parent,warehousebin:all_by_itself,bundle_phones:all_by_itself,cart_contains:all_by_itself,order_coupons:folded_to_many_side,order_returns:all_by_itself,payment_order:all_by_itself,paymentmethod:all_by_itself,primecustomer:partially_by_itself,purchaseorder:all_by_itself,womenclothing:all_by_itself,courierpartner:all_by_itself,digitalproduct:partially_by_itself,productvariant:all_by_itself,bought_together:all_by_itself,browsingsession:all_by_itself,customer_orders:folded_to_many_side,physicalproduct:contained_in_parent,suppliercontact:all_by_itself,businesscustomer:contained_in_parent,kitchenappliance:partially_by_itself,bundle_components:all_by_itself,category_products:all_by_itself,courier_shipments:folded_to_many_side,supplier_products:all_by_itself,wishlist_contains:all_by_itself,software_downloads:all_by_itself,customer.contact_no:contained_in_parent,product.mv_attributes:contained_in_parent,bundled_phone_accessory:all_by_itself,primecustomer.subscription_addons:contained_in_parent
total insert query workload cost: 11.007102196150877
select * query individual nodes cost: tag:11915.7,cart:891671.565043432,user:169459.4,media:48643394.24445735,phone:1625121.0,stock:2085914395.9677684,camera:4217258.356859907,coupon:839346.226927908,laptop:13967.0,review:530369.6798642775,tablet:10000.0,address:2613091.018561375,apparel:58985339.11476432,desktop:88020333.22459625,product:1847646.0200000003,reviews:41473.91998295068,category:13997.800000000001,clothing:93905213.6474875,computer:49766688.60083476,customer:103698.5,employee:22500.0,footwear:2864.2000000000003,po_items:22255307.347325206,shipment:489635.08460185194,software:1500.0,supplier:10454.900000000001,wishlist:970130.6049252335,accessory:14489.800000000001,appliance:8089676.782397235,custorder:9229.9,promotion:14973.800000000001,warehouse:8798.2,smartwatch:11714551.093402399,electronics:3020804.08,menclothing:116682382.67841959,order_items:14991349.793469597,pricehistory:1515479.847393494,product_tags:4535630669.505894,productimage:3080486.844298546,supplier_pos:2290142.384727214,warehousebin:198783.4962171942,bundle_phones:56097870.227490075,cart_contains:6647723.586633965,order_coupons:233081.12892974584,order_returns:2619670.386621829,payment_order:3994745.7317308765,paymentmethod:2910412.7987392955,primecustomer:2098396.359502582,purchaseorder:15431.39,womenclothing:11736.2,courierpartner:6310.700000000001,digitalproduct:28147543.565698035,productvariant:4795221.162092008,bought_together:4169662197.8883348,browsingsession:1921783.7075451545,customer_orders:1574311.010659917,physicalproduct:3340771.6399999997,suppliercontact:821249.3817287779,businesscustomer:103698.5,kitchenappliance:11687558.488247316,bundle_components:855420703.7251817,category_products:97699443.54036608,courier_shipments:362843.58419669146,supplier_products:5608763.064409991,wishlist_contains:9924568.627327595,software_downloads:1019834.5115143808,bundled_phone_accessory:35492420.548344344
estimated total cost: 23.919824932785907
insert workload exec time: 132.14927800254372
select * workload individual node exec time: 
laptop,tablet,accessory,womenclothing,footwear,software,employee,customer_orders,order_returns,bundle_phones,software_downloads
6.075,4.331,6.354,5.149,1.66,0.936,9.617,138.933,156.395,3239.237,377.089
4077.925278002544

