tag:all_by_itself,cart:all_by_itself,user:all_by_itself,media:contained_in_parent,phone:contained_in_parent,stock:all_by_itself,camera:partially_by_itself,coupon:all_by_itself,laptop:contained_in_parent,review:all_by_itself,tablet:contained_in_parent,address:all_by_itself,apparel:contained_in_parent,desktop:contained_in_parent,product:all_by_itself,reviews:folded_to_many_side,category:all_by_itself,clothing:contained_in_parent,computer:contained_in_parent,customer:contained_in_parent,employee:contained_in_parent,footwear:contained_in_parent,po_items:all_by_itself,shipment:all_by_itself,software:contained_in_parent,supplier:all_by_itself,wishlist:all_by_itself,accessory:contained_in_parent,appliance:contained_in_parent,custorder:all_by_itself,promotion:all_by_itself,warehouse:all_by_itself,smartwatch:contained_in_parent,electronics:contained_in_parent,menclothing:contained_in_parent,order_items:all_by_itself,pricehistory:all_by_itself,product_tags:all_by_itself,productimage:all_by_itself,supplier_pos:folded_to_many_side,user.mv_user:contained_in_parent,warehousebin:all_by_itself,bundle_phones:all_by_itself,cart_contains:all_by_itself,order_coupons:folded_to_many_side,order_returns:all_by_itself,payment_order:folded_to_many_side,paymentmethod:all_by_itself,primecustomer:contained_in_parent,purchaseorder:all_by_itself,womenclothing:contained_in_parent,courierpartner:all_by_itself,digitalproduct:contained_in_parent,productvariant:all_by_itself,bought_together:all_by_itself,browsingsession:all_by_itself,customer_orders:folded_to_many_side,physicalproduct:contained_in_parent,suppliercontact:all_by_itself,businesscustomer:contained_in_parent,kitchenappliance:contained_in_parent,bundle_components:all_by_itself,category_products:folded_to_many_side,courier_shipments:folded_to_many_side,supplier_products:all_by_itself,wishlist_contains:all_by_itself,software_downloads:all_by_itself,customer.contact_no:contained_in_parent,product.mv_attributes:contained_in_parent,bundled_phone_accessory:all_by_itself,primecustomer.subscription_addons:contained_in_parent
total insert query workload cost: 1576.5505722834982
select * query individual nodes cost: tag:712.3000000000001,cart:94201.05535997672,user:1961.6000000000001,media:17412.84,phone:17412.84,stock:4182633.596332612,camera:15513.350732020326,coupon:100889.25954587724,laptop:17412.84,review:33162.155102881894,tablet:17412.84,address:105161.03977026563,apparel:17412.84,desktop:17412.84,product:17412.84,reviews:51464.147560951824,category:431.8,clothing:17412.84,computer:17412.84,customer:1961.6000000000001,employee:1961.6000000000001,footwear:17412.84,po_items:23883.679873589077,shipment:37784.23531568832,software:17412.84,supplier:98.4,wishlist:95971.0786820518,accessory:17412.84,appliance:17412.84,custorder:1147.9,promotion:318.20000000000005,warehouse:657.0,smartwatch:17412.84,electronics:17412.84,menclothing:17412.84,order_items:409067.9942018626,pricehistory:82420.63877210794,product_tags:2906841.945947027,productimage:19606.428477171085,supplier_pos:11129.369592371277,warehousebin:116608.9386553522,bundle_phones:174175.47941553572,cart_contains:450436.63450332265,order_coupons:96734.81565753306,order_returns:412686.60934960726,payment_order:180732.87572211763,paymentmethod:49171.662046386606,primecustomer:1961.6000000000001,purchaseorder:139.38,womenclothing:17412.84,courierpartner:555.4,digitalproduct:17412.84,productvariant:154053.13943377242,bought_together:168191.85968773242,browsingsession:117362.6854410458,customer_orders:97873.61211556704,physicalproduct:17412.84,suppliercontact:89608.25128422304,businesscustomer:1961.6000000000001,kitchenappliance:17412.84,bundle_components:5016999.695532122,category_products:1816890.891738693,courier_shipments:14161.884382996595,supplier_products:29851.295713228592,wishlist_contains:120404.42575479444,software_downloads:417446.49131298927,bundled_phone_accessory:286882.99327130243
estimated total cost: 18343705.94685706
insert workload exec time: 68.69153154548258
select * workload individual node exec time: 
category,product,physicalproduct,digitalproduct,electronics,computer,desktop,laptop,tablet,smartwatch,camera,phone,accessory,appliance,kitchenappliance,apparel,clothing,menclothing,womenclothing,footwear,media,software,user,customer,primecustomer,businesscustomer,employee,productimage,productvariant,pricehistory,tag,address,paymentmethod,cart,wishlist,review,browsingsession,custorder,shipment,promotion,coupon,warehouse,warehousebin,supplier,suppliercontact,purchaseorder,courierpartner,category_products,product_tags,bundle_components,bought_together,cart_contains,wishlist_contains,reviews,customer_orders,order_items,payment_order,order_returns,order_coupons,stock,supplier_products,supplier_pos,po_items,courier_shipments,bundle_phones,bundled_phone_accessory,software_downloads
0.313,12.185,16.183,12.857,11.621,12.777,8.973,9.162,9.367,9.263,79.727,9.249,8.668,11.076,8.708,17.673,15.015,8.844,9.098,9.548,9.64,9.988,1.305,1.733,1.163,1.202,1.171,83.016,121.688,119.571,0.355,3.922,2.609,4.756,3.911,2.301,4.258,0.615,1.752,0.203,2.132,0.754,1.983,0.05,1.721,0.151,0.548,26.828,53.042,116.802,28.116,18.744,5.224,3.891,3.779,17.637,6.469,17.525,2.499,160.275,1.155,0.421,1.239,1.492,11.072,12.361,22.761
1242.8285315454825

tag:all_by_itself,cart:all_by_itself,user:all_by_itself,media:contained_in_parent,phone:contained_in_parent,stock:all_by_itself,camera:partially_by_itself,coupon:all_by_itself,laptop:contained_in_parent,review:all_by_itself,tablet:contained_in_parent,address:all_by_itself,apparel:contained_in_parent,desktop:contained_in_parent,product:all_by_itself,reviews:folded_to_many_side,category:all_by_itself,clothing:contained_in_parent,computer:contained_in_parent,customer:contained_in_parent,employee:contained_in_parent,footwear:contained_in_parent,po_items:all_by_itself,shipment:all_by_itself,software:contained_in_parent,supplier:all_by_itself,wishlist:all_by_itself,accessory:contained_in_parent,appliance:contained_in_parent,custorder:all_by_itself,promotion:all_by_itself,warehouse:all_by_itself,smartwatch:contained_in_parent,electronics:contained_in_parent,menclothing:contained_in_parent,order_items:all_by_itself,pricehistory:all_by_itself,product_tags:all_by_itself,productimage:all_by_itself,supplier_pos:folded_to_many_side,user.mv_user:contained_in_parent,warehousebin:all_by_itself,bundle_phones:all_by_itself,cart_contains:all_by_itself,order_coupons:folded_to_many_side,order_returns:all_by_itself,payment_order:folded_to_many_side,paymentmethod:all_by_itself,primecustomer:contained_in_parent,purchaseorder:all_by_itself,womenclothing:contained_in_parent,courierpartner:all_by_itself,digitalproduct:contained_in_parent,productvariant:all_by_itself,bought_together:all_by_itself,browsingsession:all_by_itself,customer_orders:folded_to_many_side,physicalproduct:contained_in_parent,suppliercontact:all_by_itself,businesscustomer:contained_in_parent,kitchenappliance:contained_in_parent,bundle_components:all_by_itself,category_products:folded_to_many_side,courier_shipments:folded_to_many_side,supplier_products:all_by_itself,wishlist_contains:all_by_itself,software_downloads:all_by_itself,customer.contact_no:contained_in_parent,product.mv_attributes:contained_in_parent,bundled_phone_accessory:all_by_itself,primecustomer.subscription_addons:contained_in_parent
total insert query workload cost: 1576.5505722834982
select * query individual nodes cost: tag:712.3000000000001,cart:94201.05535997672,user:1961.6000000000001,media:17412.84,phone:17412.84,stock:4182633.596332612,camera:15513.350732020326,coupon:100889.25954587724,laptop:17412.84,review:33162.155102881894,tablet:17412.84,address:105161.03977026563,apparel:17412.84,desktop:17412.84,product:17412.84,reviews:51464.147560951824,category:431.8,clothing:17412.84,computer:17412.84,customer:1961.6000000000001,employee:1961.6000000000001,footwear:17412.84,po_items:23883.679873589077,shipment:37784.23531568832,software:17412.84,supplier:98.4,wishlist:95971.0786820518,accessory:17412.84,appliance:17412.84,custorder:1147.9,promotion:318.20000000000005,warehouse:657.0,smartwatch:17412.84,electronics:17412.84,menclothing:17412.84,order_items:409067.9942018626,pricehistory:82420.63877210794,product_tags:2906841.945947027,productimage:19606.428477171085,supplier_pos:11129.369592371277,warehousebin:116608.9386553522,bundle_phones:174175.47941553572,cart_contains:450436.63450332265,order_coupons:96734.81565753306,order_returns:412686.60934960726,payment_order:180732.87572211763,paymentmethod:49171.662046386606,primecustomer:1961.6000000000001,purchaseorder:139.38,womenclothing:17412.84,courierpartner:555.4,digitalproduct:17412.84,productvariant:154053.13943377242,bought_together:168191.85968773242,browsingsession:117362.6854410458,customer_orders:97873.61211556704,physicalproduct:17412.84,suppliercontact:89608.25128422304,businesscustomer:1961.6000000000001,kitchenappliance:17412.84,bundle_components:5016999.695532122,category_products:1816890.891738693,courier_shipments:14161.884382996595,supplier_products:29851.295713228592,wishlist_contains:120404.42575479444,software_downloads:417446.49131298927,bundled_phone_accessory:286882.99327130243
estimated total cost: 18343705.94685706
insert workload exec time: 57.847541058436036
select * workload individual node exec time: 
category,product,physicalproduct,digitalproduct,electronics,computer,desktop,laptop,tablet,smartwatch,camera,phone,accessory,appliance,kitchenappliance,apparel,clothing,menclothing,womenclothing,footwear,media,software,user,customer,primecustomer,businesscustomer,employee,productimage,productvariant,pricehistory,tag,address,paymentmethod,cart,wishlist,review,browsingsession,custorder,shipment,promotion,coupon,warehouse,warehousebin,supplier,suppliercontact,purchaseorder,courierpartner,category_products,product_tags,bundle_components,bought_together,cart_contains,wishlist_contains,reviews,customer_orders,order_items,payment_order,order_returns,order_coupons,stock,supplier_products,supplier_pos,po_items,courier_shipments,bundle_phones,bundled_phone_accessory,software_downloads
0.215,12.861,16.606,13.858,11.666,13.193,9.503,9.446,9.274,9.146,81.148,9.688,9.004,10.928,9.227,17.063,15.001,9.588,9.377,9.639,10.045,9.349,1.318,1.581,1.514,1.392,0.963,82.842,123.341,120.492,0.34,2.908,2.495,3.854,4.268,2.107,4.562,0.57,1.496,0.253,1.695,0.594,1.922,0.053,1.338,0.119,0.527,26.475,53.59,117.04,27.73,18.666,5.389,3.792,3.774,17.243,6.595,17.296,2.519,154.795,1.153,0.243,1.438,1.188,10.339,12.023,24.129
1231.633541058436

